Date,Model,EECU (hours)
2026-02-23,PT-JPL,0.5
2026-02-23,SIMS,0.2
2026-02-23,SSEBop,1.5
2026-02-23,eeMETRIC,5.6
2026-02-22,PT-JPL,0.6
2026-02-22,SIMS,0.2
2026-02-22,SSEBop,1.5
2026-02-22,eeMETRIC,6.0
2026-02-21,PT-JPL,0.5
2026-02-21,SIMS,0.2
2026-02-21,SSEBop,1.5
2026-02-21,eeMETRIC,5.3
2026-02-20,PT-JPL,0.5
2026-02-20,SIMS,0.2
2026-02-20,SSEBop,1.5
2026-02-20,eeMETRIC,5.7
2026-02-19,PT-JPL,0.5
2026-02-19,SIMS,0.2
2026-02-19,SSEBop,1.5
2026-02-19,eeMETRIC,5.8
2026-02-18,PT-JPL,0.5
2026-02-18,SIMS,0.2
2026-02-18,SSEBop,1.6
2026-02-18,eeMETRIC,5.9
2026-02-17,PT-JPL,0.6
2026-02-17,SIMS,0.2
2026-02-17,SSEBop,1.6
2026-02-17,eeMETRIC,6.0
2026-02-16,PT-JPL,0.5
2026-02-16,SIMS,0.2
2026-02-16,SSEBop,1.5
2026-02-16,eeMETRIC,6.0
2026-02-15,PT-JPL,0.6
2026-02-15,SIMS,0.2
2026-02-15,SSEBop,1.5
2026-02-15,eeMETRIC,5.3
2026-02-14,PT-JPL,0.7
2026-02-14,SIMS,0.2
2026-02-14,SSEBop,1.6
2026-02-14,eeMETRIC,5.7
2026-02-13,PT-JPL,0.5
2026-02-13,SIMS,0.2
2026-02-13,SSEBop,1.4
2026-02-13,eeMETRIC,5.5
2026-02-12,PT-JPL,0.5
2026-02-12,SIMS,0.2
2026-02-12,SSEBop,1.6
2026-02-12,eeMETRIC,5.5
2026-02-11,PT-JPL,0.5
2026-02-11,SIMS,0.2
2026-02-11,SSEBop,1.5
2026-02-11,eeMETRIC,5.7
2026-02-10,PT-JPL,0.5
2026-02-10,SIMS,0.2
2026-02-10,SSEBop,1.5
2026-02-10,eeMETRIC,5.8
2026-02-09,PT-JPL,0.5
2026-02-09,SIMS,0.2
2026-02-09,SSEBop,1.4
2026-02-09,eeMETRIC,5.8
2026-02-08,PT-JPL,0.6
2026-02-08,SIMS,0.2
2026-02-08,SSEBop,1.4
2026-02-08,eeMETRIC,5.8
2026-02-07,PT-JPL,0.5
2026-02-07,SIMS,0.2
2026-02-07,SSEBop,1.5
2026-02-07,eeMETRIC,5.8
2026-02-06,PT-JPL,0.5
2026-02-06,SIMS,0.2
2026-02-06,SSEBop,1.5
2026-02-06,eeMETRIC,6.1
2026-02-05,PT-JPL,0.6
2026-02-05,SIMS,0.2
2026-02-05,SSEBop,1.6
2026-02-05,eeMETRIC,5.7
2026-02-04,PT-JPL,0.5
2026-02-04,SIMS,0.2
2026-02-04,SSEBop,1.6
2026-02-04,eeMETRIC,5.8
2026-02-03,PT-JPL,0.6
2026-02-03,SIMS,0.2
2026-02-03,SSEBop,1.7
2026-02-03,eeMETRIC,5.9
2026-02-02,PT-JPL,0.5
2026-02-02,SIMS,0.2
2026-02-02,SSEBop,1.5
2026-02-02,eeMETRIC,5.7
2026-02-01,PT-JPL,0.6
2026-02-01,SIMS,0.2
2026-02-01,SSEBop,1.6
2026-02-01,eeMETRIC,5.8
2026-01-31,PT-JPL,0.4
2026-01-31,SIMS,0.2
2026-01-31,SSEBop,1.3
2026-01-31,eeMETRIC,5.3
2026-01-30,SIMS,0.2
2026-01-29,PT-JPL,0.4
2026-01-29,SIMS,0.2
2026-01-29,SSEBop,1.4
2026-01-29,eeMETRIC,5.8
2026-01-28,DisALEXI,36.0
2026-01-28,SIMS,0.2
2026-01-28,SSEBop,1.5
2026-01-28,eeMETRIC,5.4
2026-01-27,PT-JPL,0.5
2026-01-27,SIMS,0.2
2026-01-27,SSEBop,1.5
2026-01-27,eeMETRIC,5.7
2026-01-26,PT-JPL,0.6
2026-01-26,SIMS,0.2
2026-01-26,SSEBop,1.4
2026-01-26,eeMETRIC,5.3
2026-01-25,PT-JPL,0.5
2026-01-25,SIMS,0.2
2026-01-25,SSEBop,1.5
2026-01-25,eeMETRIC,5.3
2026-01-24,PT-JPL,0.5
2026-01-24,SIMS,0.2
2026-01-24,SSEBop,1.4
2026-01-24,eeMETRIC,5.3
2026-01-23,PT-JPL,0.5
2026-01-23,SIMS,0.2
2026-01-23,SSEBop,1.5
2026-01-23,eeMETRIC,5.5
2026-01-22,SIMS,0.2
2026-01-22,SSEBop,1.4
2026-01-21,PT-JPL,0.5
2026-01-21,SIMS,0.2
2026-01-21,SSEBop,1.5
2026-01-21,eeMETRIC,5.2
2026-01-20,PT-JPL,0.5
2026-01-20,SIMS,0.2
2026-01-20,SSEBop,1.6
2026-01-20,eeMETRIC,5.3
2026-01-19,PT-JPL,0.6
2026-01-19,SIMS,0.2
2026-01-19,SSEBop,1.7
2026-01-19,eeMETRIC,5.6
2026-01-18,PT-JPL,0.5
2026-01-18,SIMS,0.2
2026-01-18,SSEBop,1.6
2026-01-18,eeMETRIC,5.7
2026-01-17,PT-JPL,0.5
2026-01-17,SIMS,0.2
2026-01-17,SSEBop,1.5
2026-01-17,eeMETRIC,5.7
2026-01-16,PT-JPL,0.5
2026-01-16,SIMS,0.2
2026-01-16,SSEBop,1.6
2026-01-16,eeMETRIC,5.8
2026-01-15,PT-JPL,0.6
2026-01-15,SIMS,0.2
2026-01-15,SSEBop,1.5
2026-01-15,eeMETRIC,6.0
2026-01-14,PT-JPL,0.5
2026-01-14,SIMS,0.2
2026-01-14,SSEBop,1.5
2026-01-14,eeMETRIC,5.4
2026-01-13,PT-JPL,0.4
2026-01-13,SIMS,0.2
2026-01-13,SSEBop,1.5
2026-01-13,eeMETRIC,5.7
2026-01-12,PT-JPL,0.6
2026-01-12,SIMS,0.2
2026-01-12,SSEBop,1.5
2026-01-12,eeMETRIC,5.8
2026-01-11,PT-JPL,0.5
2026-01-11,SIMS,0.2
2026-01-11,SSEBop,1.5
2026-01-11,eeMETRIC,5.5
2026-01-10,PT-JPL,0.6
2026-01-10,SIMS,0.2
2026-01-10,SSEBop,1.6
2026-01-10,eeMETRIC,5.9
2026-01-09,PT-JPL,0.5
2026-01-09,SIMS,0.2
2026-01-09,SSEBop,1.5
2026-01-09,eeMETRIC,5.7
2026-01-08,PT-JPL,0.6
2026-01-08,SIMS,0.2
2026-01-08,SSEBop,1.6
2026-01-08,eeMETRIC,5.5
2026-01-07,PT-JPL,0.5
2026-01-07,SIMS,0.2
2026-01-07,SSEBop,1.6
2026-01-07,eeMETRIC,5.9
2026-01-06,PT-JPL,0.6
2026-01-06,SIMS,0.2
2026-01-06,SSEBop,1.7
2026-01-06,eeMETRIC,5.9
2026-01-05,PT-JPL,0.6
2026-01-05,SIMS,0.2
2026-01-05,SSEBop,1.5
2026-01-05,eeMETRIC,5.6
2026-01-04,PT-JPL,0.5
2026-01-04,SIMS,0.2
2026-01-04,SSEBop,1.5
2026-01-04,eeMETRIC,5.8
2026-01-03,PT-JPL,0.5
2026-01-03,SIMS,0.2
2026-01-03,SSEBop,1.6
2026-01-03,eeMETRIC,5.9
2026-01-02,PT-JPL,0.4
2026-01-02,SIMS,0.2
2026-01-02,SSEBop,1.5
2026-01-02,eeMETRIC,5.4
2026-01-01,PT-JPL,0.5
2026-01-01,SIMS,0.2
2026-01-01,SSEBop,1.6
2026-01-01,eeMETRIC,5.2
2025-12-31,PT-JPL,0.6
2025-12-31,SIMS,0.2
2025-12-31,SSEBop,1.7
2025-12-31,eeMETRIC,5.9
2025-12-30,PT-JPL,0.6
2025-12-30,SIMS,0.2
2025-12-30,SSEBop,1.7
2025-12-30,eeMETRIC,6.0
2025-12-29,PT-JPL,0.4
2025-12-29,SIMS,0.2
2025-12-29,SSEBop,1.3
2025-12-29,eeMETRIC,5.6
2025-12-28,PT-JPL,0.6
2025-12-28,SIMS,0.2
2025-12-28,SSEBop,1.7
2025-12-28,eeMETRIC,6.1
2025-12-27,PT-JPL,0.5
2025-12-27,SIMS,0.2
2025-12-27,SSEBop,1.6
2025-12-27,eeMETRIC,5.8
2025-12-26,PT-JPL,0.5
2025-12-26,SIMS,0.2
2025-12-26,SSEBop,1.5
2025-12-26,eeMETRIC,5.7
2025-12-25,PT-JPL,0.6
2025-12-25,SIMS,0.2
2025-12-25,SSEBop,1.6
2025-12-25,eeMETRIC,5.8
2025-12-24,PT-JPL,0.5
2025-12-24,SIMS,0.2
2025-12-24,SSEBop,1.4
2025-12-24,eeMETRIC,5.8
2025-12-23,PT-JPL,0.6
2025-12-23,SIMS,0.2
2025-12-23,SSEBop,1.6
2025-12-23,eeMETRIC,5.8
2025-12-22,PT-JPL,0.5
2025-12-22,SIMS,0.2
2025-12-22,SSEBop,1.6
2025-12-22,eeMETRIC,5.7
2025-12-21,PT-JPL,0.5
2025-12-21,SIMS,0.2
2025-12-21,SSEBop,1.6
2025-12-21,eeMETRIC,5.5
2025-12-20,PT-JPL,0.6
2025-12-20,SIMS,0.2
2025-12-20,SSEBop,1.5
2025-12-20,eeMETRIC,6.0
2025-12-19,PT-JPL,0.5
2025-12-19,SIMS,0.2
2025-12-19,SSEBop,1.5
2025-12-19,eeMETRIC,5.6
2025-12-18,PT-JPL,0.5
2025-12-18,SIMS,0.2
2025-12-18,SSEBop,1.5
2025-12-18,eeMETRIC,5.8
2025-12-17,PT-JPL,0.5
2025-12-17,SIMS,0.2
2025-12-17,SSEBop,1.2
2025-12-17,eeMETRIC,5.4
2025-12-16,PT-JPL,0.4
2025-12-16,SIMS,0.2
2025-12-16,SSEBop,1.4
2025-12-16,eeMETRIC,5.6
2025-12-15,PT-JPL,0.6
2025-12-15,SIMS,0.2
2025-12-15,SSEBop,1.6
2025-12-15,eeMETRIC,5.8
2025-12-14,DisALEXI,32.2
2025-12-14,PT-JPL,0.4
2025-12-14,SIMS,0.2
2025-12-14,SSEBop,1.4
2025-12-14,eeMETRIC,5.4
2025-12-13,DisALEXI,23.9
2025-12-13,PT-JPL,0.5
2025-12-13,SIMS,0.2
2025-12-13,SSEBop,1.4
2025-12-13,eeMETRIC,5.5
2025-12-12,DisALEXI,27.599999999999998
2025-12-12,PT-JPL,0.5
2025-12-12,SIMS,0.2
2025-12-12,SSEBop,1.3
2025-12-12,eeMETRIC,5.5
2025-12-11,SIMS,0.2
2025-12-11,SSEBop,1.5
2025-12-11,eeMETRIC,5.7
2025-12-10,PT-JPL,0.3
2025-12-10,SIMS,0.2
2025-12-10,SSEBop,1.2
2025-12-10,eeMETRIC,5.5
2025-12-09,PT-JPL,0.4
2025-12-09,SIMS,0.2
2025-12-09,SSEBop,1.4
2025-12-09,eeMETRIC,5.6
2025-12-08,PT-JPL,0.4
2025-12-08,SIMS,0.2
2025-12-08,SSEBop,1.4
2025-12-08,eeMETRIC,5.6
2025-12-07,PT-JPL,0.5
2025-12-07,SIMS,0.2
2025-12-07,SSEBop,1.4
2025-12-07,eeMETRIC,5.8
2025-12-06,DisALEXI,42.9
2025-12-06,PT-JPL,0.4
2025-12-06,SIMS,0.2
2025-12-06,SSEBop,1.3
2025-12-06,eeMETRIC,5.9
2025-12-05,DisALEXI,38.300000000000004
2025-12-05,PT-JPL,0.6
2025-12-05,SIMS,0.2
2025-12-05,SSEBop,1.6
2025-12-05,eeMETRIC,6.0
2025-12-04,DisALEXI,41.8
2025-12-04,PT-JPL,0.5
2025-12-04,SIMS,0.2
2025-12-04,SSEBop,1.5
2025-12-04,eeMETRIC,6.0
2025-12-03,PT-JPL,0.5
2025-12-03,SIMS,0.2
2025-12-03,SSEBop,1.5
2025-12-03,eeMETRIC,6.1
2025-12-02,SIMS,0.2
2025-12-02,SSEBop,1.6
2025-12-02,eeMETRIC,5.8
2025-12-01,PT-JPL,0.6
2025-12-01,SIMS,0.2
2025-12-01,SSEBop,1.6
2025-12-01,eeMETRIC,5.8
2025-11-30,PT-JPL,0.5
2025-11-30,SIMS,0.2
2025-11-30,SSEBop,1.4
2025-11-30,eeMETRIC,5.6
2025-11-29,PT-JPL,0.5
2025-11-29,SIMS,0.2
2025-11-29,SSEBop,1.4
2025-11-29,eeMETRIC,5.6
2025-11-28,PT-JPL,0.5
2025-11-28,SIMS,0.2
2025-11-28,SSEBop,1.5
2025-11-28,eeMETRIC,5.8
2025-11-27,PT-JPL,0.5
2025-11-27,SIMS,0.2
2025-11-27,SSEBop,1.4
2025-11-27,eeMETRIC,5.6
2025-11-26,PT-JPL,0.5
2025-11-26,SIMS,0.2
2025-11-26,SSEBop,1.5
2025-11-26,eeMETRIC,5.8
2025-11-25,PT-JPL,0.3
2025-11-25,SIMS,0.2
2025-11-25,SSEBop,1.4
2025-11-25,eeMETRIC,6.2
2025-11-24,PT-JPL,0.5
2025-11-24,SIMS,0.2
2025-11-24,SSEBop,1.4
2025-11-24,eeMETRIC,5.9
2025-11-23,PT-JPL,0.6
2025-11-23,SIMS,0.2
2025-11-23,SSEBop,1.6
2025-11-23,eeMETRIC,5.7
2025-11-22,PT-JPL,0.6
2025-11-22,SIMS,0.2
2025-11-22,SSEBop,1.5
2025-11-22,eeMETRIC,5.8
2025-11-21,PT-JPL,0.5
2025-11-21,SIMS,0.2
2025-11-21,SSEBop,1.5
2025-11-21,eeMETRIC,5.8
2025-11-20,PT-JPL,0.5
2025-11-20,SIMS,0.2
2025-11-20,SSEBop,1.5
2025-11-20,eeMETRIC,5.9
2025-11-19,PT-JPL,0.6
2025-11-19,SIMS,0.2
2025-11-19,SSEBop,1.6
2025-11-19,eeMETRIC,6.0
2025-11-18,PT-JPL,0.5
2025-11-18,SIMS,0.2
2025-11-18,SSEBop,1.5
2025-11-18,eeMETRIC,6.0
2025-11-17,PT-JPL,0.4
2025-11-17,SIMS,0.2
2025-11-17,SSEBop,1.4
2025-11-17,eeMETRIC,5.5
2025-11-16,PT-JPL,0.5
2025-11-16,SIMS,0.2
2025-11-16,SSEBop,1.5
2025-11-16,eeMETRIC,5.8
2025-11-15,PT-JPL,0.5
2025-11-15,SIMS,0.2
2025-11-15,SSEBop,1.5
2025-11-15,eeMETRIC,5.8
2025-11-14,PT-JPL,0.5
2025-11-14,SIMS,0.2
2025-11-14,SSEBop,1.4
2025-11-14,eeMETRIC,5.7
2025-11-13,SIMS,0.2
2025-11-13,SSEBop,1.6
2025-11-13,eeMETRIC,5.9
2025-11-12,PT-JPL,0.5
2025-11-12,SIMS,0.2
2025-11-12,SSEBop,1.4
2025-11-12,eeMETRIC,6.1
2025-11-11,PT-JPL,0.5
2025-11-11,SIMS,0.2
2025-11-11,SSEBop,1.5
2025-11-11,eeMETRIC,6.3
2025-11-10,PT-JPL,0.5
2025-11-10,SIMS,0.2
2025-11-10,SSEBop,1.4
2025-11-10,eeMETRIC,6.1
2025-11-09,PT-JPL,0.5
2025-11-09,SIMS,0.2
2025-11-09,SSEBop,1.5
2025-11-09,eeMETRIC,5.8
2025-11-08,PT-JPL,0.5
2025-11-08,SIMS,0.2
2025-11-08,SSEBop,1.4
2025-11-08,eeMETRIC,6.1
2025-11-07,PT-JPL,0.5
2025-11-07,SIMS,0.2
2025-11-07,SSEBop,1.5
2025-11-07,eeMETRIC,6.3
2025-11-06,PT-JPL,0.5
2025-11-06,SIMS,0.2
2025-11-06,SSEBop,1.4
2025-11-06,eeMETRIC,5.7
2025-11-05,PT-JPL,0.5
2025-11-05,SIMS,0.2
2025-11-05,SSEBop,1.4
2025-11-05,eeMETRIC,5.6
2025-11-04,PT-JPL,0.5
2025-11-04,SIMS,0.2
2025-11-04,SSEBop,1.6
2025-11-04,eeMETRIC,6.1
2025-11-03,PT-JPL,0.4
2025-11-03,SIMS,0.2
2025-11-03,SSEBop,1.5
2025-11-03,eeMETRIC,6.0
2025-11-02,PT-JPL,0.4
2025-11-02,SIMS,0.2
2025-11-02,SSEBop,1.4
2025-11-02,eeMETRIC,5.8
2025-11-01,PT-JPL,0.4
2025-11-01,SIMS,0.2
2025-11-01,SSEBop,1.3
2025-11-01,eeMETRIC,5.8
2025-10-31,PT-JPL,0.5
2025-10-31,SIMS,0.2
2025-10-31,SSEBop,1.4
2025-10-31,eeMETRIC,6.0
2025-10-30,PT-JPL,0.6
2025-10-30,SIMS,0.2
2025-10-30,SSEBop,1.6
2025-10-30,eeMETRIC,6.3
2025-10-29,SIMS,0.2
2025-10-29,SSEBop,1.6
2025-10-29,eeMETRIC,5.8
2025-10-28,SIMS,0.2
2025-10-28,SSEBop,1.5
2025-10-28,eeMETRIC,6.2
2025-10-27,PT-JPL,0.4
2025-10-27,SIMS,0.2
2025-10-27,SSEBop,1.5
2025-10-27,eeMETRIC,5.9
2025-10-26,PT-JPL,0.4
2025-10-26,SIMS,0.2
2025-10-26,SSEBop,1.5
2025-10-26,eeMETRIC,5.8
2025-10-25,PT-JPL,0.5
2025-10-25,SIMS,0.2
2025-10-25,SSEBop,0.9
2025-10-25,eeMETRIC,5.5
2025-10-24,PT-JPL,0.5
2025-10-24,SIMS,0.2
2025-10-24,SSEBop,1.5
2025-10-23,PT-JPL,0.5
2025-10-23,SIMS,0.2
2025-10-23,SSEBop,1.4
2025-10-23,eeMETRIC,6.2
2025-10-22,PT-JPL,0.5
2025-10-22,SIMS,0.2
2025-10-22,SSEBop,1.4
2025-10-22,eeMETRIC,6.0
2025-10-21,SIMS,0.2
2025-10-21,SSEBop,1.6
2025-10-21,eeMETRIC,6.5
2025-10-20,SIMS,0.2
2025-10-20,SSEBop,1.6
2025-10-20,eeMETRIC,6.4
2025-10-19,PT-JPL,0.6
2025-10-19,SIMS,0.2
2025-10-19,SSEBop,1.6
2025-10-19,eeMETRIC,6.5
2025-10-18,PT-JPL,0.5
2025-10-18,SIMS,0.2
2025-10-18,SSEBop,1.5
2025-10-18,eeMETRIC,6.3
2025-10-17,PT-JPL,0.5
2025-10-17,SIMS,0.2
2025-10-17,SSEBop,1.5
2025-10-17,eeMETRIC,6.4
2025-10-16,PT-JPL,0.5
2025-10-16,SIMS,0.2
2025-10-16,SSEBop,1.5
2025-10-16,eeMETRIC,6.2
2025-10-15,PT-JPL,0.5
2025-10-15,SIMS,0.2
2025-10-15,SSEBop,1.6
2025-10-15,eeMETRIC,6.3
2025-10-14,PT-JPL,0.5
2025-10-14,SIMS,0.2
2025-10-14,SSEBop,1.5
2025-10-14,eeMETRIC,6.1
2025-10-13,PT-JPL,0.5
2025-10-13,SIMS,0.3
2025-10-13,SSEBop,1.5
2025-10-13,eeMETRIC,6.3
2025-10-12,PT-JPL,0.6
2025-10-12,SIMS,0.2
2025-10-12,SSEBop,1.6
2025-10-12,eeMETRIC,6.4
2025-10-11,PT-JPL,0.5
2025-10-11,SIMS,0.2
2025-10-11,SSEBop,1.6
2025-10-11,eeMETRIC,6.2
2025-10-10,PT-JPL,0.6
2025-10-10,SIMS,0.2
2025-10-10,SSEBop,1.6
2025-10-10,eeMETRIC,6.2
2025-10-09,PT-JPL,0.6
2025-10-09,SIMS,0.2
2025-10-09,SSEBop,1.5
2025-10-09,eeMETRIC,6.3
2025-10-08,PT-JPL,0.6
2025-10-08,SIMS,0.2
2025-10-08,SSEBop,1.6
2025-10-08,eeMETRIC,6.2
2025-10-07,PT-JPL,0.5
2025-10-07,SIMS,0.2
2025-10-07,SSEBop,1.6
2025-10-07,eeMETRIC,6.6
2025-10-06,PT-JPL,0.5
2025-10-06,SIMS,0.2
2025-10-06,SSEBop,1.6
2025-10-06,eeMETRIC,6.4
2025-10-05,PT-JPL,0.7
2025-10-05,SIMS,0.2
2025-10-05,SSEBop,1.8
2025-10-05,eeMETRIC,6.4
2025-10-04,PT-JPL,0.6
2025-10-04,SIMS,0.2
2025-10-04,SSEBop,1.7
2025-10-04,eeMETRIC,6.7
2025-10-03,PT-JPL,0.7
2025-10-03,SIMS,0.2
2025-10-03,SSEBop,1.7
2025-10-03,eeMETRIC,6.3
2025-10-02,PT-JPL,0.6
2025-10-02,SIMS,0.3
2025-10-02,SSEBop,1.7
2025-10-02,eeMETRIC,6.5
2025-10-01,PT-JPL,0.7
2025-10-01,SIMS,0.3
2025-10-01,SSEBop,1.7
2025-10-01,eeMETRIC,6.4
2025-09-30,PT-JPL,0.5
2025-09-30,SIMS,0.2
2025-09-30,SSEBop,1.4
2025-09-30,eeMETRIC,6.0
2025-09-29,PT-JPL,0.6
2025-09-29,SIMS,0.2
2025-09-29,SSEBop,1.6
2025-09-29,eeMETRIC,6.2
2025-09-28,PT-JPL,0.6
2025-09-28,SIMS,0.2
2025-09-28,SSEBop,1.5
2025-09-28,eeMETRIC,6.7
2025-09-27,PT-JPL,0.5
2025-09-27,SIMS,0.2
2025-09-27,SSEBop,1.6
2025-09-27,eeMETRIC,6.2
2025-09-26,PT-JPL,0.6
2025-09-26,SIMS,0.2
2025-09-26,SSEBop,1.5
2025-09-26,eeMETRIC,6.2
2025-09-25,PT-JPL,0.6
2025-09-25,SIMS,0.2
2025-09-25,SSEBop,1.5
2025-09-25,eeMETRIC,6.1
2025-09-24,PT-JPL,0.6
2025-09-24,SIMS,0.2
2025-09-24,SSEBop,1.5
2025-09-24,eeMETRIC,6.1
2025-09-23,PT-JPL,0.6
2025-09-23,SIMS,0.2
2025-09-23,SSEBop,1.4
2025-09-23,eeMETRIC,6.0
2025-09-22,PT-JPL,0.6
2025-09-22,SIMS,0.2
2025-09-22,SSEBop,1.4
2025-09-22,eeMETRIC,5.7
2025-09-21,PT-JPL,0.5
2025-09-21,SIMS,0.2
2025-09-21,SSEBop,1.4
2025-09-21,eeMETRIC,6.0
2025-09-20,PT-JPL,0.5
2025-09-20,SIMS,0.2
2025-09-20,SSEBop,1.3
2025-09-20,eeMETRIC,6.1
2025-09-19,PT-JPL,0.5
2025-09-19,SIMS,0.2
2025-09-19,SSEBop,1.4
2025-09-19,eeMETRIC,6.1
2025-09-18,PT-JPL,0.5
2025-09-18,SIMS,0.2
2025-09-18,SSEBop,1.3
2025-09-18,eeMETRIC,5.7
2025-09-17,PT-JPL,0.5
2025-09-17,SIMS,0.2
2025-09-17,SSEBop,1.4
2025-09-17,eeMETRIC,6.1
2025-09-16,PT-JPL,0.5
2025-09-16,SIMS,0.2
2025-09-16,SSEBop,1.5
2025-09-16,eeMETRIC,6.2
2025-09-15,PT-JPL,0.5
2025-09-15,SIMS,0.2
2025-09-15,SSEBop,1.5
2025-09-15,eeMETRIC,5.9
2025-09-14,PT-JPL,0.5
2025-09-14,SIMS,0.2
2025-09-14,SSEBop,1.4
2025-09-14,eeMETRIC,5.6
2025-09-13,PT-JPL,0.6
2025-09-13,SIMS,0.2
2025-09-13,SSEBop,1.6
2025-09-13,eeMETRIC,6.1
2025-09-12,PT-JPL,0.6
2025-09-12,SIMS,0.2
2025-09-12,SSEBop,1.6
2025-09-12,eeMETRIC,6.2
2025-09-11,PT-JPL,0.5
2025-09-11,SIMS,0.2
2025-09-11,SSEBop,1.2
2025-09-11,eeMETRIC,6.3
2025-09-10,PT-JPL,0.5
2025-09-10,SIMS,0.2
2025-09-10,SSEBop,1.4
2025-09-10,eeMETRIC,5.9
2025-09-09,PT-JPL,0.5
2025-09-09,SIMS,0.2
2025-09-09,SSEBop,1.4
2025-09-09,eeMETRIC,6.5
2025-09-08,PT-JPL,0.5
2025-09-08,SIMS,0.2
2025-09-08,SSEBop,1.5
2025-09-08,eeMETRIC,5.9
2025-09-07,PT-JPL,0.5
2025-09-07,SIMS,0.2
2025-09-07,SSEBop,1.3
2025-09-07,eeMETRIC,5.5
2025-09-06,PT-JPL,0.6
2025-09-06,SIMS,0.2
2025-09-06,SSEBop,1.6
2025-09-06,eeMETRIC,6.1
2025-09-05,PT-JPL,0.6
2025-09-05,SIMS,0.2
2025-09-05,SSEBop,1.6
2025-09-05,eeMETRIC,6.4
2025-09-04,PT-JPL,0.6
2025-09-04,SIMS,0.2
2025-09-04,SSEBop,1.6
2025-09-04,eeMETRIC,5.9
2025-09-03,PT-JPL,0.4
2025-09-03,SIMS,0.2
2025-09-03,SSEBop,1.2
2025-09-03,eeMETRIC,6.6
2025-09-02,PT-JPL,0.5
2025-09-02,SIMS,0.2
2025-09-02,SSEBop,1.2
2025-09-02,eeMETRIC,5.8
2025-09-01,PT-JPL,0.4
2025-09-01,SIMS,0.2
2025-09-01,SSEBop,0.8
2025-09-01,eeMETRIC,6.1
2025-08-31,PT-JPL,0.5
2025-08-31,SIMS,0.2
2025-08-31,SSEBop,0.7
2025-08-31,eeMETRIC,5.8
2025-08-30,PT-JPL,0.5
2025-08-30,SIMS,0.2
2025-08-30,SSEBop,0.9
2025-08-30,eeMETRIC,6.0
2025-08-29,PT-JPL,0.6
2025-08-29,SIMS,0.2
2025-08-29,SSEBop,0.8
2025-08-29,eeMETRIC,6.0
2025-08-28,PT-JPL,0.6
2025-08-28,SIMS,0.2
2025-08-28,SSEBop,1.4
2025-08-28,eeMETRIC,6.1
2025-08-27,PT-JPL,0.6
2025-08-27,SIMS,0.2
2025-08-27,SSEBop,1.5
2025-08-27,eeMETRIC,6.2
2025-08-26,PT-JPL,0.6
2025-08-26,SIMS,0.2
2025-08-26,SSEBop,1.4
2025-08-26,eeMETRIC,5.9
2025-08-25,PT-JPL,0.7
2025-08-25,SIMS,0.2
2025-08-25,SSEBop,1.4
2025-08-25,eeMETRIC,6.5
2025-08-24,PT-JPL,0.6
2025-08-24,SIMS,0.2
2025-08-24,SSEBop,1.3
2025-08-24,eeMETRIC,5.7
2025-08-23,PT-JPL,0.6
2025-08-23,SIMS,0.2
2025-08-23,SSEBop,1.4
2025-08-23,eeMETRIC,5.9
2025-08-22,PT-JPL,0.6
2025-08-22,SIMS,0.2
2025-08-22,SSEBop,1.4
2025-08-22,eeMETRIC,6.0
2025-08-21,PT-JPL,0.6
2025-08-21,SIMS,0.2
2025-08-21,SSEBop,1.4
2025-08-21,eeMETRIC,5.7
2025-08-20,PT-JPL,0.5
2025-08-20,SIMS,0.2
2025-08-20,SSEBop,1.4
2025-08-20,eeMETRIC,5.6
2025-08-19,PT-JPL,0.6
2025-08-19,SIMS,0.3
2025-08-19,SSEBop,1.5
2025-08-19,eeMETRIC,6.7
2025-08-18,PT-JPL,0.6
2025-08-18,SIMS,0.2
2025-08-18,SSEBop,1.4
2025-08-18,eeMETRIC,5.9
2025-08-17,PT-JPL,0.6
2025-08-17,SIMS,0.2
2025-08-17,SSEBop,1.4
2025-08-17,eeMETRIC,5.7
2025-08-16,PT-JPL,0.6
2025-08-16,SIMS,0.2
2025-08-16,SSEBop,1.4
2025-08-16,eeMETRIC,5.8
2025-08-15,PT-JPL,0.6
2025-08-15,SIMS,0.2
2025-08-15,SSEBop,1.4
2025-08-15,eeMETRIC,6.2
2025-08-14,PT-JPL,0.6
2025-08-14,SIMS,0.2
2025-08-14,SSEBop,1.4
2025-08-14,eeMETRIC,6.6
2025-08-13,PT-JPL,0.6
2025-08-13,SIMS,0.2
2025-08-13,SSEBop,1.4
2025-08-13,eeMETRIC,5.9
2025-08-12,PT-JPL,0.6
2025-08-12,SIMS,0.2
2025-08-12,SSEBop,1.4
2025-08-12,eeMETRIC,6.1
2025-08-11,PT-JPL,0.5
2025-08-11,SIMS,0.2
2025-08-11,SSEBop,1.2
2025-08-11,eeMETRIC,6.0
2025-08-10,PT-JPL,0.5
2025-08-10,SIMS,0.2
2025-08-10,SSEBop,1.2
2025-08-10,eeMETRIC,5.7
2025-08-09,PT-JPL,0.6
2025-08-09,SIMS,0.2
2025-08-09,SSEBop,1.4
2025-08-09,eeMETRIC,6.1
2025-08-08,PT-JPL,0.5
2025-08-08,SIMS,0.2
2025-08-08,SSEBop,1.2
2025-08-08,eeMETRIC,6.0
2025-08-07,PT-JPL,0.6
2025-08-07,SIMS,0.2
2025-08-07,SSEBop,1.3
2025-08-07,eeMETRIC,6.0
2025-08-06,PT-JPL,0.5
2025-08-06,SIMS,0.3
2025-08-06,SSEBop,1.4
2025-08-06,eeMETRIC,6.1
2025-08-05,PT-JPL,0.6
2025-08-05,SIMS,0.2
2025-08-05,SSEBop,1.3
2025-08-05,eeMETRIC,5.8
2025-08-04,PT-JPL,0.5
2025-08-04,SIMS,0.2
2025-08-04,SSEBop,1.3
2025-08-04,eeMETRIC,6.2
2025-08-03,PT-JPL,0.6
2025-08-03,SIMS,0.2
2025-08-03,SSEBop,1.3
2025-08-03,eeMETRIC,6.3
2025-08-02,PT-JPL,0.5
2025-08-02,SIMS,0.2
2025-08-02,SSEBop,1.2
2025-08-02,eeMETRIC,6.2
2025-08-01,PT-JPL,0.6
2025-08-01,SIMS,0.2
2025-08-01,SSEBop,1.4
2025-08-01,eeMETRIC,6.2
2025-07-31,PT-JPL,0.6
2025-07-31,SIMS,0.2
2025-07-31,SSEBop,1.3
2025-07-31,eeMETRIC,6.0
2025-07-30,PT-JPL,0.5
2025-07-30,SIMS,0.2
2025-07-30,SSEBop,1.2
2025-07-30,eeMETRIC,6.0
2025-07-29,PT-JPL,0.5
2025-07-29,SIMS,0.2
2025-07-29,SSEBop,1.4
2025-07-29,eeMETRIC,6.0
2025-07-28,PT-JPL,0.5
2025-07-28,SIMS,0.2
2025-07-28,SSEBop,1.3
2025-07-28,eeMETRIC,6.1
2025-07-27,PT-JPL,0.6
2025-07-27,SIMS,0.2
2025-07-27,SSEBop,1.4
2025-07-27,eeMETRIC,6.0
2025-07-26,PT-JPL,0.5
2025-07-26,SIMS,0.2
2025-07-26,SSEBop,1.3
2025-07-26,eeMETRIC,5.9
2025-07-25,PT-JPL,0.5
2025-07-25,SIMS,0.2
2025-07-25,SSEBop,1.2
2025-07-25,eeMETRIC,6.1
2025-07-24,PT-JPL,0.6
2025-07-24,SIMS,0.2
2025-07-24,SSEBop,1.4
2025-07-24,eeMETRIC,6.0
2025-07-23,DisALEXI,35.7
2025-07-23,PT-JPL,0.4
2025-07-23,SIMS,0.2
2025-07-23,SSEBop,1.0
2025-07-23,eeMETRIC,6.0
2025-07-22,PT-JPL,0.4
2025-07-22,SIMS,0.2
2025-07-22,SSEBop,1.0
2025-07-22,eeMETRIC,5.7
2025-07-21,SIMS,0.2
2025-07-21,SSEBop,1.4
2025-07-21,eeMETRIC,5.9
2025-07-20,PT-JPL,0.5
2025-07-20,SIMS,0.2
2025-07-20,SSEBop,1.2
2025-07-20,eeMETRIC,6.0
2025-07-19,eeMETRIC,5.8
2025-07-17,PT-JPL,0.6
2025-07-17,SIMS,0.2
2025-07-17,SSEBop,1.2
2025-07-17,eeMETRIC,5.6
2025-07-16,PT-JPL,0.5
2025-07-16,SIMS,0.2
2025-07-16,SSEBop,1.2
2025-07-16,eeMETRIC,5.5
2025-07-15,PT-JPL,0.5
2025-07-15,SIMS,0.2
2025-07-15,SSEBop,1.2
2025-07-15,eeMETRIC,5.5
2025-07-14,PT-JPL,0.4
2025-07-14,SIMS,0.2
2025-07-14,SSEBop,1.0
2025-07-14,eeMETRIC,5.3
2025-07-13,PT-JPL,0.5
2025-07-13,SIMS,0.2
2025-07-13,SSEBop,1.1
2025-07-13,eeMETRIC,5.4
2025-07-12,PT-JPL,0.6
2025-07-12,SIMS,0.2
2025-07-12,SSEBop,1.3
2025-07-12,eeMETRIC,5.7
2025-07-11,PT-JPL,0.5
2025-07-11,SIMS,0.2
2025-07-11,SSEBop,1.3
2025-07-11,eeMETRIC,5.3
2025-07-10,PT-JPL,0.4
2025-07-10,SIMS,0.2
2025-07-10,SSEBop,1.1
2025-07-10,eeMETRIC,5.9
2025-07-09,PT-JPL,0.4
2025-07-09,SIMS,0.2
2025-07-09,SSEBop,1.0
2025-07-09,eeMETRIC,5.3
2025-07-08,PT-JPL,0.5
2025-07-08,SIMS,0.2
2025-07-08,SSEBop,1.1
2025-07-08,eeMETRIC,5.6
2025-07-07,PT-JPL,0.5
2025-07-07,SIMS,0.2
2025-07-07,SSEBop,1.1
2025-07-07,eeMETRIC,5.6
2025-07-06,PT-JPL,0.5
2025-07-06,SIMS,0.2
2025-07-06,SSEBop,1.3
2025-07-06,eeMETRIC,5.5
2025-07-05,PT-JPL,0.5
2025-07-05,SIMS,0.2
2025-07-05,SSEBop,1.0
2025-07-05,eeMETRIC,5.2
2025-07-04,PT-JPL,0.5
2025-07-04,SIMS,0.2
2025-07-04,SSEBop,1.2
2025-07-04,eeMETRIC,5.4
2025-07-03,PT-JPL,0.5
2025-07-03,SIMS,0.2
2025-07-03,SSEBop,1.1
2025-07-03,eeMETRIC,5.9
2025-07-02,PT-JPL,0.5
2025-07-02,SIMS,0.2
2025-07-02,SSEBop,1.2
2025-07-02,eeMETRIC,5.6
2025-07-01,PT-JPL,0.4
2025-07-01,SIMS,0.2
2025-07-01,SSEBop,1.2
2025-07-01,eeMETRIC,5.0
2025-06-30,PT-JPL,0.4
2025-06-30,SIMS,0.2
2025-06-30,SSEBop,1.0
2025-06-30,eeMETRIC,5.6
2025-06-29,PT-JPL,0.5
2025-06-29,SIMS,0.2
2025-06-29,SSEBop,1.2
2025-06-29,eeMETRIC,5.6
2025-06-28,PT-JPL,0.5
2025-06-28,SIMS,0.2
2025-06-28,SSEBop,1.2
2025-06-28,eeMETRIC,5.6
2025-06-27,PT-JPL,0.5
2025-06-27,SIMS,0.2
2025-06-27,SSEBop,1.2
2025-06-27,eeMETRIC,5.7
2025-06-26,PT-JPL,0.5
2025-06-26,SIMS,0.2
2025-06-26,SSEBop,1.2
2025-06-26,eeMETRIC,5.6
2025-06-25,PT-JPL,0.6
2025-06-25,SIMS,0.2
2025-06-25,SSEBop,1.2
2025-06-25,eeMETRIC,3.0
2025-06-24,PT-JPL,0.4
2025-06-24,SIMS,0.2
2025-06-24,SSEBop,1.0
2025-06-24,eeMETRIC,5.3
2025-06-23,PT-JPL,0.4
2025-06-23,SIMS,0.2
2025-06-23,SSEBop,1.1
2025-06-23,eeMETRIC,4.7
2025-06-22,PT-JPL,0.5
2025-06-22,SIMS,0.2
2025-06-22,SSEBop,1.2
2025-06-22,eeMETRIC,5.2
2025-06-21,PT-JPL,0.4
2025-06-21,SIMS,0.2
2025-06-21,SSEBop,1.2
2025-06-21,eeMETRIC,5.4
2025-06-20,PT-JPL,0.5
2025-06-20,SIMS,0.2
2025-06-20,SSEBop,1.2
2025-06-20,eeMETRIC,5.4
2025-06-19,PT-JPL,0.5
2025-06-19,SIMS,0.2
2025-06-19,SSEBop,1.1
2025-06-19,eeMETRIC,5.0
2025-06-18,PT-JPL,0.5
2025-06-18,SIMS,0.2
2025-06-18,SSEBop,1.2
2025-06-18,eeMETRIC,5.3
2025-06-17,PT-JPL,0.5
2025-06-17,SIMS,0.2
2025-06-17,SSEBop,1.3
2025-06-17,eeMETRIC,6.1
2025-06-16,PT-JPL,0.5
2025-06-16,SIMS,0.2
2025-06-16,SSEBop,1.1
2025-06-16,eeMETRIC,5.9
2025-06-15,PT-JPL,0.5
2025-06-15,SIMS,0.2
2025-06-15,SSEBop,1.3
2025-06-15,eeMETRIC,5.7
2025-06-14,PT-JPL,0.6
2025-06-14,SSEBop,1.4
2025-06-14,eeMETRIC,5.8
2025-06-13,PT-JPL,0.6
2025-06-13,SIMS,0.2
2025-06-13,SSEBop,1.3
2025-06-13,eeMETRIC,5.9
2025-06-12,PT-JPL,0.5
2025-06-12,SIMS,0.2
2025-06-12,SSEBop,1.1
2025-06-12,eeMETRIC,5.4
2025-06-11,DisALEXI,43.0
2025-06-11,PT-JPL,0.5
2025-06-11,SIMS,0.2
2025-06-11,SSEBop,1.3
2025-06-11,eeMETRIC,6.1
2025-06-10,DisALEXI,32.5
2025-06-10,PT-JPL,0.5
2025-06-10,SIMS,0.2
2025-06-10,SSEBop,1.4
2025-06-10,eeMETRIC,6.1
2025-06-09,PT-JPL,0.5
2025-06-09,SIMS,0.2
2025-06-09,SSEBop,1.3
2025-06-09,eeMETRIC,5.5
2025-06-08,PT-JPL,0.5
2025-06-08,SIMS,0.2
2025-06-08,SSEBop,1.3
2025-06-08,eeMETRIC,5.7
2025-06-07,PT-JPL,0.5
2025-06-07,SIMS,0.2
2025-06-07,SSEBop,1.1
2025-06-07,eeMETRIC,5.6
2025-06-06,PT-JPL,0.6
2025-06-06,SIMS,0.2
2025-06-06,SSEBop,1.3
2025-06-06,eeMETRIC,5.5
2025-06-05,PT-JPL,0.6
2025-06-05,SIMS,0.2
2025-06-05,SSEBop,1.2
2025-06-05,eeMETRIC,5.8
2025-06-04,PT-JPL,0.5
2025-06-04,SIMS,0.2
2025-06-04,SSEBop,1.3
2025-06-04,eeMETRIC,5.8
2025-06-03,PT-JPL,0.5
2025-06-03,SIMS,0.2
2025-06-03,SSEBop,1.1
2025-06-03,eeMETRIC,5.7
2025-06-02,PT-JPL,0.5
2025-06-02,SIMS,0.2
2025-06-02,SSEBop,1.1
2025-06-02,eeMETRIC,5.1
2025-06-01,PT-JPL,0.5
2025-06-01,SIMS,0.2
2025-06-01,SSEBop,1.2
2025-06-01,eeMETRIC,5.2
2025-05-31,PT-JPL,0.5
2025-05-31,SIMS,0.2
2025-05-31,SSEBop,1.2
2025-05-31,eeMETRIC,5.5
2025-05-30,PT-JPL,0.4
2025-05-30,SIMS,0.2
2025-05-30,SSEBop,1.3
2025-05-30,eeMETRIC,5.6
2025-05-29,DisALEXI,42.900000000000006
2025-05-29,PT-JPL,0.4
2025-05-29,SIMS,0.2
2025-05-29,SSEBop,0.9
2025-05-29,eeMETRIC,5.5
2025-05-28,DisALEXI,32.0
2025-05-28,SIMS,0.2
2025-05-28,SSEBop,1.5
2025-05-28,eeMETRIC,6.0
2025-05-27,PT-JPL,0.6
2025-05-27,SIMS,0.2
2025-05-27,SSEBop,1.4
2025-05-27,eeMETRIC,5.7
2025-05-26,PT-JPL,0.5
2025-05-26,SIMS,0.2
2025-05-26,SSEBop,1.2
2025-05-26,eeMETRIC,5.8
2025-05-25,PT-JPL,0.5
2025-05-25,SIMS,0.2
2025-05-25,SSEBop,1.2
2025-05-25,eeMETRIC,5.3
2025-05-24,PT-JPL,0.5
2025-05-24,SIMS,0.2
2025-05-24,SSEBop,1.4
2025-05-24,eeMETRIC,5.6
2025-05-23,PT-JPL,0.6
2025-05-23,SIMS,0.2
2025-05-23,SSEBop,1.4
2025-05-23,eeMETRIC,6.0
2025-05-22,PT-JPL,0.5
2025-05-22,SIMS,0.2
2025-05-22,SSEBop,1.4
2025-05-22,eeMETRIC,5.3
2025-05-21,PT-JPL,0.6
2025-05-21,SIMS,0.2
2025-05-21,SSEBop,1.5
2025-05-21,eeMETRIC,6.0
2025-05-20,eeMETRIC,5.7
2025-05-19,PT-JPL,0.6
2025-05-19,SIMS,0.2
2025-05-19,SSEBop,1.4
2025-05-19,eeMETRIC,5.6
2025-05-18,PT-JPL,0.6
2025-05-18,SIMS,0.2
2025-05-18,SSEBop,1.3
2025-05-18,eeMETRIC,5.4
2025-05-17,PT-JPL,0.5
2025-05-17,SIMS,0.2
2025-05-17,SSEBop,1.3
2025-05-17,eeMETRIC,5.2
2025-05-16,PT-JPL,0.5
2025-05-16,SIMS,0.2
2025-05-16,SSEBop,1.3
2025-05-16,eeMETRIC,5.1
2025-05-15,SIMS,0.2
2025-05-15,SSEBop,1.3
2025-05-15,eeMETRIC,6.0
2025-05-14,PT-JPL,0.5
2025-05-14,SIMS,0.2
2025-05-14,SSEBop,1.3
2025-05-14,eeMETRIC,5.3
2025-05-13,PT-JPL,0.5
2025-05-13,SIMS,0.2
2025-05-13,SSEBop,1.3
2025-05-13,eeMETRIC,5.4
2025-05-10,PT-JPL,0.5
2025-05-10,SIMS,0.2
2025-05-10,SSEBop,1.3
2025-05-10,eeMETRIC,5.4
2025-05-09,PT-JPL,0.5
2025-05-09,SIMS,0.2
2025-05-09,SSEBop,1.4
2025-05-09,eeMETRIC,5.3
2025-05-08,PT-JPL,0.6
2025-05-08,SIMS,0.2
2025-05-08,SSEBop,1.5
2025-05-08,eeMETRIC,5.5
2025-05-07,PT-JPL,0.6
2025-05-07,SIMS,0.2
2025-05-07,SSEBop,1.3
2025-05-07,eeMETRIC,5.5
2025-05-06,DisALEXI,29.2
2025-05-06,PT-JPL,0.4
2025-05-06,SIMS,0.2
2025-05-06,SSEBop,1.1
2025-05-06,eeMETRIC,5.1
2025-05-05,PT-JPL,0.6
2025-05-05,SSEBop,1.3
2025-05-05,eeMETRIC,5.8
2025-05-04,SIMS,0.2
2025-05-04,SSEBop,1.5
2025-05-04,eeMETRIC,3.7
2025-05-03,PT-JPL,0.6
2025-05-03,SIMS,0.2
2025-05-03,SSEBop,1.3
2025-05-03,eeMETRIC,5.7
2025-05-02,PT-JPL,0.6
2025-05-02,SIMS,0.2
2025-05-02,SSEBop,1.4
2025-05-02,eeMETRIC,5.6
2025-05-01,PT-JPL,0.5
2025-05-01,SIMS,0.2
2025-05-01,SSEBop,1.3
2025-05-01,eeMETRIC,5.7
2025-04-30,PT-JPL,0.6
2025-04-30,SIMS,0.2
2025-04-30,SSEBop,1.3
2025-04-30,eeMETRIC,5.7
2025-04-29,SIMS,0.2
2025-04-29,SSEBop,1.4
2025-04-28,SIMS,0.2
2025-04-28,SSEBop,1.2
2025-04-28,eeMETRIC,5.6
2025-04-27,SIMS,0.2
2025-04-27,SSEBop,1.4
2025-04-27,eeMETRIC,6.0
2025-04-26,PT-JPL,0.6
2025-04-26,SIMS,0.2
2025-04-26,SSEBop,1.4
2025-04-26,eeMETRIC,5.8
2025-04-25,PT-JPL,0.6
2025-04-25,SIMS,0.2
2025-04-25,SSEBop,1.2
2025-04-25,eeMETRIC,5.3
2025-04-24,SIMS,0.2
2025-04-24,eeMETRIC,5.2
2025-04-23,PT-JPL,0.5
2025-04-23,SIMS,0.2
2025-04-23,eeMETRIC,5.4
2025-04-22,SIMS,0.2
2025-04-21,SIMS,0.2
2025-04-20,SIMS,0.2
2025-04-19,SIMS,0.2
2025-04-18,PT-JPL,0.5
2025-04-18,SIMS,0.2
2025-04-18,SSEBop,1.2
2025-04-18,eeMETRIC,5.4
2025-04-17,PT-JPL,0.5
2025-04-17,SIMS,0.2
2025-04-17,SSEBop,1.3
2025-04-17,eeMETRIC,5.0
2025-04-16,PT-JPL,0.4
2025-04-16,SIMS,0.2
2025-04-16,SSEBop,1.0
2025-04-16,eeMETRIC,5.3
2025-04-15,PT-JPL,0.5
2025-04-15,SIMS,0.2
2025-04-15,SSEBop,1.2
2025-04-15,eeMETRIC,5.1
2025-04-14,PT-JPL,0.5
2025-04-14,SIMS,0.2
2025-04-14,SSEBop,1.1
2025-04-14,eeMETRIC,5.2
2025-04-13,PT-JPL,0.5
2025-04-13,SIMS,0.2
2025-04-13,SSEBop,1.1
2025-04-13,eeMETRIC,4.7
2025-04-12,PT-JPL,0.5
2025-04-12,SIMS,0.2
2025-04-12,SSEBop,1.1
2025-04-12,eeMETRIC,5.3
2025-04-11,PT-JPL,0.4
2025-04-11,SIMS,0.2
2025-04-11,SSEBop,1.0
2025-04-11,eeMETRIC,5.1
2025-04-10,PT-JPL,0.4
2025-04-10,SIMS,0.2
2025-04-10,SSEBop,1.0
2025-04-10,eeMETRIC,5.1
2025-04-09,PT-JPL,0.4
2025-04-09,SIMS,0.2
2025-04-09,SSEBop,1.2
2025-04-09,eeMETRIC,5.3
2025-04-08,SIMS,0.2
2025-04-08,SSEBop,1.2
2025-04-08,eeMETRIC,5.2
2025-04-07,PT-JPL,0.4
2025-04-07,SIMS,0.2
2025-04-07,SSEBop,1.1
2025-04-07,eeMETRIC,5.0
2025-04-06,PT-JPL,0.5
2025-04-06,SIMS,0.2
2025-04-06,SSEBop,1.2
2025-04-06,eeMETRIC,5.0
2025-04-05,PT-JPL,0.5
2025-04-05,SIMS,0.2
2025-04-05,SSEBop,1.1
2025-04-05,eeMETRIC,5.5
2025-04-04,PT-JPL,0.5
2025-04-04,SIMS,0.2
2025-04-04,SSEBop,1.4
2025-04-04,eeMETRIC,5.4
2025-04-03,PT-JPL,0.5
2025-04-03,SIMS,0.2
2025-04-03,SSEBop,1.2
2025-04-03,eeMETRIC,5.2
2025-04-02,PT-JPL,0.4
2025-04-02,SIMS,0.2
2025-04-02,SSEBop,1.1
2025-04-02,eeMETRIC,5.1
2025-04-01,PT-JPL,0.5
2025-04-01,SIMS,0.2
2025-04-01,SSEBop,1.1
2025-04-01,eeMETRIC,5.3
2025-03-31,PT-JPL,0.4
2025-03-31,SIMS,0.2
2025-03-31,SSEBop,1.1
2025-03-31,eeMETRIC,5.0
2025-03-30,PT-JPL,0.5
2025-03-30,SIMS,0.2
2025-03-30,SSEBop,1.2
2025-03-30,eeMETRIC,5.1
2025-03-29,PT-JPL,0.5
2025-03-29,SIMS,0.2
2025-03-29,SSEBop,1.2
2025-03-29,eeMETRIC,5.2
2025-03-28,PT-JPL,0.5
2025-03-28,SIMS,0.2
2025-03-28,SSEBop,1.2
2025-03-28,eeMETRIC,5.3
2025-03-27,PT-JPL,0.5
2025-03-27,SIMS,0.2
2025-03-27,SSEBop,1.2
2025-03-27,eeMETRIC,5.3
2025-03-26,PT-JPL,0.5
2025-03-26,SIMS,0.2
2025-03-26,SSEBop,1.1
2025-03-26,eeMETRIC,5.4
2025-03-25,PT-JPL,0.4
2025-03-25,SIMS,0.2
2025-03-25,SSEBop,1.1
2025-03-25,eeMETRIC,5.3
2025-03-24,PT-JPL,0.5
2025-03-24,SIMS,0.2
2025-03-24,SSEBop,1.1
2025-03-24,eeMETRIC,5.3
2025-03-23,SIMS,0.2
2025-03-23,SSEBop,1.1
2025-03-23,eeMETRIC,5.2
2025-03-22,PT-JPL,0.5
2025-03-22,SIMS,0.2
2025-03-22,SSEBop,1.1
2025-03-22,eeMETRIC,5.2
2025-03-21,PT-JPL,0.4
2025-03-21,SIMS,0.2
2025-03-21,SSEBop,1.1
2025-03-21,eeMETRIC,4.9
2025-03-20,PT-JPL,0.5
2025-03-20,SIMS,0.2
2025-03-20,SSEBop,1.0
2025-03-20,eeMETRIC,5.1
2025-03-19,PT-JPL,0.4
2025-03-19,SIMS,0.2
2025-03-19,SSEBop,1.1
2025-03-19,eeMETRIC,4.9
2025-03-18,PT-JPL,0.5
2025-03-18,SIMS,0.2
2025-03-18,SSEBop,1.0
2025-03-18,eeMETRIC,5.2
2025-03-17,PT-JPL,0.4
2025-03-17,SIMS,0.2
2025-03-17,SSEBop,0.8
2025-03-17,eeMETRIC,5.2
2025-03-16,PT-JPL,0.5
2025-03-16,SIMS,0.2
2025-03-16,SSEBop,1.1
2025-03-16,eeMETRIC,4.9
2025-03-15,PT-JPL,0.5
2025-03-15,SIMS,0.2
2025-03-15,SSEBop,1.2
2025-03-15,eeMETRIC,5.2
2025-03-14,PT-JPL,0.5
2025-03-14,SIMS,0.2
2025-03-14,SSEBop,1.1
2025-03-14,eeMETRIC,5.4
2025-03-13,PT-JPL,0.4
2025-03-13,SIMS,0.2
2025-03-13,SSEBop,1.0
2025-03-13,eeMETRIC,5.0
2025-03-12,PT-JPL,0.4
2025-03-12,SIMS,0.2
2025-03-12,SSEBop,1.0
2025-03-12,eeMETRIC,4.8
2025-03-11,PT-JPL,0.4
2025-03-11,SIMS,0.2
2025-03-11,SSEBop,0.9
2025-03-11,eeMETRIC,4.7
2025-03-10,PT-JPL,0.4
2025-03-10,SIMS,0.2
2025-03-10,SSEBop,1.0
2025-03-10,eeMETRIC,4.9
2025-03-09,PT-JPL,0.4
2025-03-09,SIMS,0.2
2025-03-09,SSEBop,1.1
2025-03-09,eeMETRIC,5.0
2025-03-08,PT-JPL,0.5
2025-03-08,SIMS,0.2
2025-03-08,SSEBop,1.0
2025-03-08,eeMETRIC,5.2
2025-03-07,DisALEXI,9.0
2025-03-07,PT-JPL,0.5
2025-03-07,SIMS,0.2
2025-03-07,SSEBop,1.1
2025-03-07,eeMETRIC,5.0
2025-03-06,DisALEXI,18.2
2025-03-06,PT-JPL,0.5
2025-03-06,SIMS,0.2
2025-03-06,SSEBop,1.1
2025-03-06,eeMETRIC,4.9
2025-03-05,PT-JPL,0.5
2025-03-05,SIMS,0.2
2025-03-05,SSEBop,1.1
2025-03-05,eeMETRIC,5.0
2025-03-04,PT-JPL,0.4
2025-03-04,SIMS,0.2
2025-03-04,SSEBop,0.9
2025-03-04,eeMETRIC,4.6
2025-03-03,PT-JPL,0.4
2025-03-03,SIMS,0.2
2025-03-03,SSEBop,0.9
2025-03-03,eeMETRIC,4.6
2025-03-02,DisALEXI,7.9
2025-03-02,PT-JPL,0.4
2025-03-02,SIMS,0.1
2025-03-02,SSEBop,0.9
2025-03-02,eeMETRIC,4.8
2025-03-01,DisALEXI,14.8
2025-03-01,PT-JPL,0.4
2025-03-01,SIMS,0.2
2025-03-01,SSEBop,1.0
2025-03-01,eeMETRIC,4.8
2025-02-28,DisALEXI,20.4
2025-02-28,PT-JPL,0.4
2025-02-28,SIMS,0.2
2025-02-28,SSEBop,1.0
2025-02-28,eeMETRIC,5.3
2025-02-27,DisALEXI,17.6
2025-02-27,PT-JPL,0.3
2025-02-27,SIMS,0.1
2025-02-27,SSEBop,1.0
2025-02-27,eeMETRIC,4.8
2025-02-26,PT-JPL,0.4
2025-02-26,SIMS,0.2
2025-02-26,SSEBop,1.1
2025-02-26,eeMETRIC,5.1
2025-02-25,PT-JPL,0.3
2025-02-25,SIMS,0.2
2025-02-25,SSEBop,1.1
2025-02-25,eeMETRIC,5.2
2025-02-24,PT-JPL,0.4
2025-02-24,SIMS,0.2
2025-02-24,SSEBop,1.0
2025-02-24,eeMETRIC,4.9
2025-02-23,PT-JPL,0.4
2025-02-23,SIMS,0.2
2025-02-23,SSEBop,1.0
2025-02-23,eeMETRIC,4.9
2025-02-22,PT-JPL,0.3
2025-02-22,SIMS,0.2
2025-02-22,SSEBop,1.2
2025-02-22,eeMETRIC,5.0
2025-02-21,PT-JPL,0.3
2025-02-21,SIMS,0.2
2025-02-21,SSEBop,1.0
2025-02-21,eeMETRIC,4.7
2025-02-20,PT-JPL,0.3
2025-02-20,SIMS,0.2
2025-02-20,SSEBop,1.0
2025-02-20,eeMETRIC,5.0
2025-02-19,PT-JPL,0.3
2025-02-19,SIMS,0.2
2025-02-19,SSEBop,1.0
2025-02-19,eeMETRIC,4.9
2025-02-18,PT-JPL,0.3
2025-02-18,SIMS,0.2
2025-02-18,SSEBop,1.0
2025-02-18,eeMETRIC,5.1
2025-02-17,PT-JPL,0.3
2025-02-17,SIMS,0.1
2025-02-17,SSEBop,0.9
2025-02-17,eeMETRIC,4.7
2025-02-16,PT-JPL,0.4
2025-02-16,SIMS,0.1
2025-02-16,SSEBop,1.0
2025-02-16,eeMETRIC,4.9
2025-02-15,PT-JPL,0.4
2025-02-15,SIMS,0.2
2025-02-15,SSEBop,1.0
2025-02-15,eeMETRIC,4.8
2025-02-14,PT-JPL,0.4
2025-02-14,SIMS,0.2
2025-02-14,SSEBop,1.0
2025-02-14,eeMETRIC,5.0
2025-02-13,PT-JPL,0.3
2025-02-13,SIMS,0.2
2025-02-13,SSEBop,1.0
2025-02-13,eeMETRIC,5.1
2025-02-12,PT-JPL,0.4
2025-02-12,SIMS,0.2
2025-02-12,SSEBop,1.0
2025-02-12,eeMETRIC,5.2
2025-02-11,PT-JPL,0.4
2025-02-11,SIMS,0.2
2025-02-11,SSEBop,1.0
2025-02-11,eeMETRIC,4.9
2025-02-10,PT-JPL,0.4
2025-02-10,SIMS,0.2
2025-02-10,SSEBop,1.2
2025-02-10,eeMETRIC,4.8
2025-02-09,PT-JPL,0.4
2025-02-09,SIMS,0.2
2025-02-09,SSEBop,1.1
2025-02-09,eeMETRIC,5.1
2025-02-08,PT-JPL,0.4
2025-02-08,SIMS,0.2
2025-02-08,SSEBop,1.1
2025-02-08,eeMETRIC,5.2
2025-02-07,PT-JPL,0.4
2025-02-07,SIMS,0.2
2025-02-07,SSEBop,1.1
2025-02-07,eeMETRIC,4.9
2025-02-06,PT-JPL,0.4
2025-02-06,SIMS,0.2
2025-02-06,SSEBop,1.2
2025-02-06,eeMETRIC,5.0
2025-02-05,PT-JPL,0.4
2025-02-05,SIMS,0.2
2025-02-05,SSEBop,1.2
2025-02-05,eeMETRIC,5.2
2025-02-04,PT-JPL,0.4
2025-02-04,SIMS,0.2
2025-02-04,SSEBop,1.0
2025-02-04,eeMETRIC,4.9
2025-02-03,PT-JPL,0.4
2025-02-03,SIMS,0.2
2025-02-03,SSEBop,1.1
2025-02-03,eeMETRIC,5.0
2025-02-02,PT-JPL,0.4
2025-02-02,SIMS,0.2
2025-02-02,SSEBop,1.1
2025-02-02,eeMETRIC,5.0
2025-02-01,PT-JPL,0.4
2025-02-01,SIMS,0.1
2025-02-01,SSEBop,1.0
2025-02-01,eeMETRIC,4.9
2025-01-31,PT-JPL,0.4
2025-01-31,SIMS,0.2
2025-01-31,SSEBop,1.1
2025-01-31,eeMETRIC,5.1
2025-01-30,PT-JPL,0.4
2025-01-30,SIMS,0.2
2025-01-30,SSEBop,1.1
2025-01-30,eeMETRIC,5.0
2025-01-29,PT-JPL,0.4
2025-01-29,SIMS,0.2
2025-01-29,SSEBop,1.1
2025-01-29,eeMETRIC,4.9
2025-01-28,DisALEXI,31.200000000000003
2025-01-28,PT-JPL,0.4
2025-01-28,SIMS,0.2
2025-01-28,SSEBop,1.0
2025-01-28,eeMETRIC,5.2
2025-01-27,PT-JPL,0.4
2025-01-27,SIMS,0.2
2025-01-27,SSEBop,1.0
2025-01-27,eeMETRIC,5.1
2025-01-26,PT-JPL,0.3
2025-01-26,SIMS,0.2
2025-01-26,SSEBop,1.0
2025-01-26,eeMETRIC,4.9
2025-01-25,PT-JPL,0.4
2025-01-25,SIMS,0.2
2025-01-25,SSEBop,1.0
2025-01-25,eeMETRIC,4.9
2025-01-24,PT-JPL,0.4
2025-01-24,SIMS,0.2
2025-01-24,SSEBop,1.0
2025-01-24,eeMETRIC,4.9
2025-01-23,PT-JPL,0.4
2025-01-23,SIMS,0.2
2025-01-23,SSEBop,1.1
2025-01-23,eeMETRIC,5.2
2025-01-22,PT-JPL,0.4
2025-01-22,SIMS,0.2
2025-01-22,SSEBop,1.0
2025-01-22,eeMETRIC,5.0
2025-01-21,DisALEXI,48.1
2025-01-21,PT-JPL,0.4
2025-01-21,SIMS,0.2
2025-01-21,SSEBop,0.9
2025-01-21,eeMETRIC,4.8
2025-01-20,DisALEXI,30.8
2025-01-20,PT-JPL,0.4
2025-01-20,SIMS,0.2
2025-01-20,SSEBop,1.0
2025-01-20,eeMETRIC,4.8
2025-01-19,PT-JPL,0.3
2025-01-19,SIMS,0.2
2025-01-19,SSEBop,0.9
2025-01-19,eeMETRIC,4.7
2025-01-18,PT-JPL,0.4
2025-01-18,SIMS,0.1
2025-01-18,SSEBop,0.9
2025-01-18,eeMETRIC,4.8
2025-01-17,PT-JPL,0.3
2025-01-17,SIMS,0.2
2025-01-17,SSEBop,1.3
2025-01-17,eeMETRIC,4.8
2025-01-16,PT-JPL,0.4
2025-01-16,SIMS,0.2
2025-01-16,SSEBop,1.0
2025-01-16,eeMETRIC,5.1
2025-01-15,PT-JPL,0.4
2025-01-15,SIMS,0.2
2025-01-15,SSEBop,1.2
2025-01-15,eeMETRIC,5.1
2025-01-14,PT-JPL,0.4
2025-01-14,SIMS,0.2
2025-01-14,SSEBop,1.0
2025-01-14,eeMETRIC,4.8
2025-01-13,PT-JPL,0.4
2025-01-13,SIMS,0.2
2025-01-13,SSEBop,1.1
2025-01-13,eeMETRIC,4.9
2025-01-12,PT-JPL,0.4
2025-01-12,SIMS,0.2
2025-01-12,SSEBop,1.0
2025-01-12,eeMETRIC,4.8
2025-01-11,PT-JPL,0.4
2025-01-11,SIMS,0.2
2025-01-11,SSEBop,1.1
2025-01-11,eeMETRIC,5.0
2025-01-10,DisALEXI,11.0
2025-01-10,PT-JPL,0.5
2025-01-10,SIMS,0.2
2025-01-10,SSEBop,1.2
2025-01-10,eeMETRIC,5.0
2025-01-09,PT-JPL,0.4
2025-01-09,SIMS,0.2
2025-01-09,SSEBop,1.1
2025-01-09,eeMETRIC,5.0
2025-01-08,PT-JPL,0.4
2025-01-08,SIMS,0.2
2025-01-08,SSEBop,1.1
2025-01-08,eeMETRIC,5.1
2025-01-07,PT-JPL,0.4
2025-01-07,SIMS,0.2
2025-01-07,SSEBop,1.2
2025-01-07,eeMETRIC,5.2
2025-01-06,PT-JPL,0.4
2025-01-06,SIMS,0.2
2025-01-06,SSEBop,1.1
2025-01-06,eeMETRIC,5.1
2025-01-05,PT-JPL,0.4
2025-01-05,SIMS,0.2
2025-01-05,SSEBop,1.1
2025-01-05,eeMETRIC,4.8
2025-01-04,PT-JPL,0.5
2025-01-04,SIMS,0.2
2025-01-04,SSEBop,1.1
2025-01-04,eeMETRIC,5.1
2025-01-03,PT-JPL,0.4
2025-01-03,SIMS,0.2
2025-01-03,SSEBop,1.1
2025-01-03,eeMETRIC,5.0
2025-01-02,PT-JPL,0.4
2025-01-02,SIMS,0.2
2025-01-02,SSEBop,1.1
2025-01-02,eeMETRIC,5.0
2025-01-01,PT-JPL,0.3
2025-01-01,SIMS,0.2
2025-01-01,SSEBop,1.2
2025-01-01,eeMETRIC,5.1
2024-12-31,PT-JPL,0.4
2024-12-31,SIMS,0.2
2024-12-31,SSEBop,1.3
2024-12-31,eeMETRIC,5.1
2024-12-30,PT-JPL,0.4
2024-12-30,SIMS,0.2
2024-12-30,SSEBop,1.2
2024-12-30,eeMETRIC,5.0
2024-12-29,DisALEXI,14.0
2024-12-29,PT-JPL,0.4
2024-12-29,SIMS,0.2
2024-12-29,SSEBop,1.2
2024-12-29,eeMETRIC,5.2
2024-12-28,SIMS,0.2
2024-12-28,SSEBop,1.2
2024-12-28,eeMETRIC,5.2
2024-12-27,SIMS,0.2
2024-12-27,SSEBop,1.4
2024-12-27,eeMETRIC,5.7
2024-12-26,PT-JPL,0.4
2024-12-26,SIMS,0.2
2024-12-26,SSEBop,1.2
2024-12-26,eeMETRIC,5.0
2024-12-25,PT-JPL,0.4
2024-12-25,SIMS,0.2
2024-12-25,SSEBop,1.1
2024-12-25,eeMETRIC,5.1
2024-12-24,PT-JPL,0.4
2024-12-24,SIMS,0.2
2024-12-24,SSEBop,1.1
2024-12-24,eeMETRIC,5.2
2024-12-23,DisALEXI,28.3
2024-12-23,PT-JPL,0.4
2024-12-23,SIMS,0.2
2024-12-23,SSEBop,1.2
2024-12-23,eeMETRIC,4.9
2024-12-22,PT-JPL,0.4
2024-12-22,SIMS,0.2
2024-12-22,SSEBop,1.2
2024-12-22,eeMETRIC,5.1
2024-12-21,PT-JPL,0.4
2024-12-21,SIMS,0.2
2024-12-21,SSEBop,1.2
2024-12-21,eeMETRIC,5.1
2024-12-20,PT-JPL,0.4
2024-12-20,SIMS,0.2
2024-12-20,SSEBop,1.2
2024-12-20,eeMETRIC,5.3
2024-12-19,PT-JPL,0.4
2024-12-19,SIMS,0.2
2024-12-19,SSEBop,1.1
2024-12-19,eeMETRIC,5.2
2024-12-18,PT-JPL,0.4
2024-12-18,SIMS,0.2
2024-12-18,SSEBop,1.0
2024-12-18,eeMETRIC,5.2
2024-12-17,PT-JPL,0.5
2024-12-17,SIMS,0.2
2024-12-17,SSEBop,1.1
2024-12-17,eeMETRIC,5.2
2024-12-16,PT-JPL,0.4
2024-12-16,SIMS,0.2
2024-12-16,SSEBop,1.0
2024-12-16,eeMETRIC,4.8
2024-12-15,PT-JPL,0.4
2024-12-15,SIMS,0.2
2024-12-15,SSEBop,1.1
2024-12-15,eeMETRIC,5.0
2024-12-14,PT-JPL,0.4
2024-12-14,SIMS,0.2
2024-12-14,SSEBop,1.2
2024-12-14,eeMETRIC,5.4
2024-12-13,DisALEXI,31.299999999999997
2024-12-13,PT-JPL,0.4
2024-12-13,SIMS,0.1
2024-12-13,SSEBop,1.2
2024-12-13,eeMETRIC,5.5
2024-12-12,DisALEXI,30.5
2024-12-12,PT-JPL,0.4
2024-12-12,SIMS,0.2
2024-12-12,SSEBop,1.1
2024-12-12,eeMETRIC,5.2
2024-12-11,PT-JPL,0.4
2024-12-11,SIMS,0.2
2024-12-11,SSEBop,1.1
2024-12-11,eeMETRIC,5.4
2024-12-10,DisALEXI,51.699999999999996
2024-12-10,PT-JPL,0.4
2024-12-10,SIMS,0.2
2024-12-10,SSEBop,1.2
2024-12-10,eeMETRIC,5.2
2024-12-09,DisALEXI,28.1
2024-12-09,PT-JPL,0.4
2024-12-09,SIMS,0.2
2024-12-09,SSEBop,1.0
2024-12-09,eeMETRIC,5.1
2024-12-08,PT-JPL,0.4
2024-12-08,SIMS,0.2
2024-12-08,SSEBop,1.1
2024-12-08,eeMETRIC,4.9
2024-12-07,PT-JPL,0.4
2024-12-07,SIMS,0.2
2024-12-07,SSEBop,1.1
2024-12-07,eeMETRIC,5.1
2024-12-06,PT-JPL,0.4
2024-12-06,SIMS,0.2
2024-12-06,SSEBop,1.2
2024-12-06,eeMETRIC,5.0
2024-12-05,PT-JPL,0.5
2024-12-05,SIMS,0.2
2024-12-05,SSEBop,1.2
2024-12-05,eeMETRIC,5.1
2024-12-04,PT-JPL,0.4
2024-12-04,SIMS,0.2
2024-12-04,SSEBop,1.1
2024-12-04,eeMETRIC,5.2
2024-12-03,PT-JPL,0.5
2024-12-03,SIMS,0.2
2024-12-03,SSEBop,1.3
2024-12-03,eeMETRIC,5.3
2024-12-02,PT-JPL,0.4
2024-12-02,eeMETRIC,5.2
2024-12-01,PT-JPL,0.3
2024-12-01,SSEBop,1.0
2024-12-01,eeMETRIC,5.1
2024-11-30,PT-JPL,0.4
2024-11-30,SIMS,0.1
2024-11-30,SSEBop,1.0
2024-11-30,eeMETRIC,5.2
2024-11-29,PT-JPL,0.5
2024-11-29,SIMS,0.2
2024-11-29,SSEBop,1.2
2024-11-29,eeMETRIC,5.1
2024-11-28,PT-JPL,0.5
2024-11-28,SIMS,0.2
2024-11-28,SSEBop,1.2
2024-11-28,eeMETRIC,5.3
2024-11-27,PT-JPL,0.5
2024-11-27,SIMS,0.2
2024-11-27,SSEBop,1.2
2024-11-27,eeMETRIC,5.2
2024-11-26,PT-JPL,0.5
2024-11-26,SIMS,0.2
2024-11-26,SSEBop,1.1
2024-11-26,eeMETRIC,5.2
2024-11-25,PT-JPL,0.4
2024-11-25,SIMS,0.2
2024-11-25,SSEBop,1.1
2024-11-25,eeMETRIC,5.2
2024-11-24,PT-JPL,0.4
2024-11-24,SIMS,0.2
2024-11-24,SSEBop,1.1
2024-11-24,eeMETRIC,5.2
2024-11-23,PT-JPL,0.4
2024-11-23,SIMS,0.2
2024-11-23,SSEBop,1.0
2024-11-23,eeMETRIC,4.9
2024-11-22,PT-JPL,0.4
2024-11-22,SIMS,0.2
2024-11-22,SSEBop,1.1
2024-11-22,eeMETRIC,4.8
2024-11-21,PT-JPL,0.4
2024-11-21,SIMS,0.2
2024-11-21,SSEBop,1.2
2024-11-21,eeMETRIC,5.1
2024-11-20,PT-JPL,0.3
2024-11-20,SIMS,0.2
2024-11-20,SSEBop,1.2
2024-11-20,eeMETRIC,5.2
2024-11-19,PT-JPL,0.4
2024-11-19,SIMS,0.2
2024-11-19,SSEBop,1.1
2024-11-19,eeMETRIC,5.1
2024-11-18,PT-JPL,0.4
2024-11-18,SIMS,0.2
2024-11-18,SSEBop,1.1
2024-11-18,eeMETRIC,5.0
2024-11-17,PT-JPL,0.4
2024-11-17,SIMS,0.2
2024-11-17,SSEBop,1.0
2024-11-17,eeMETRIC,5.0
2024-11-16,PT-JPL,0.4
2024-11-16,SIMS,0.2
2024-11-16,SSEBop,1.0
2024-11-16,eeMETRIC,4.9
2024-11-15,PT-JPL,0.4
2024-11-15,SIMS,0.2
2024-11-15,SSEBop,1.1
2024-11-15,eeMETRIC,5.0
2024-11-14,PT-JPL,0.4
2024-11-14,SIMS,0.2
2024-11-14,SSEBop,1.1
2024-11-14,eeMETRIC,5.3
2024-11-13,PT-JPL,0.4
2024-11-13,SIMS,0.2
2024-11-13,SSEBop,1.1
2024-11-13,eeMETRIC,5.0
2024-11-12,PT-JPL,0.4
2024-11-12,SIMS,0.2
2024-11-12,SSEBop,1.1
2024-11-12,eeMETRIC,5.2
2024-11-11,PT-JPL,0.4
2024-11-11,SIMS,0.2
2024-11-11,SSEBop,1.1
2024-11-11,eeMETRIC,5.5
2024-11-10,PT-JPL,0.3
2024-11-10,SIMS,0.2
2024-11-10,SSEBop,1.1
2024-11-10,eeMETRIC,5.1
2024-11-09,PT-JPL,0.4
2024-11-09,SIMS,0.2
2024-11-09,SSEBop,1.2
2024-11-09,eeMETRIC,5.3
2024-11-08,PT-JPL,0.4
2024-11-08,SIMS,0.2
2024-11-08,SSEBop,1.0
2024-11-08,eeMETRIC,5.2
2024-11-07,PT-JPL,0.4
2024-11-07,SIMS,0.2
2024-11-07,SSEBop,1.1
2024-11-07,eeMETRIC,4.9
2024-11-06,PT-JPL,0.3
2024-11-06,SIMS,0.2
2024-11-06,SSEBop,1.1
2024-11-06,eeMETRIC,5.1
2024-11-05,PT-JPL,0.3
2024-11-05,SIMS,0.2
2024-11-05,SSEBop,1.1
2024-11-05,eeMETRIC,5.2
2024-11-04,PT-JPL,0.3
2024-11-04,SIMS,0.2
2024-11-04,SSEBop,1.0
2024-11-04,eeMETRIC,4.9
2024-11-03,PT-JPL,0.4
2024-11-03,SIMS,0.2
2024-11-03,SSEBop,1.1
2024-11-03,eeMETRIC,5.1
2024-11-02,PT-JPL,0.4
2024-11-02,SIMS,0.1
2024-11-02,SSEBop,1.1
2024-11-02,eeMETRIC,5.1
2024-11-01,PT-JPL,0.4
2024-11-01,SIMS,0.2
2024-11-01,SSEBop,1.1
2024-11-01,eeMETRIC,5.0
2024-10-31,PT-JPL,0.4
2024-10-31,SIMS,0.2
2024-10-31,SSEBop,1.1
2024-10-31,eeMETRIC,5.1
2024-10-30,PT-JPL,0.4
2024-10-30,SIMS,0.2
2024-10-30,SSEBop,1.1
2024-10-30,eeMETRIC,5.1
2024-10-29,PT-JPL,0.3
2024-10-29,SIMS,0.2
2024-10-29,SSEBop,1.1
2024-10-29,eeMETRIC,5.0
2024-10-28,PT-JPL,0.4
2024-10-28,SIMS,0.2
2024-10-28,SSEBop,1.1
2024-10-28,eeMETRIC,5.0
2024-10-27,PT-JPL,0.4
2024-10-27,SIMS,0.1
2024-10-27,SSEBop,1.0
2024-10-27,eeMETRIC,4.8
2024-10-26,DisALEXI,46.699999999999996
2024-10-26,PT-JPL,0.4
2024-10-26,SIMS,0.2
2024-10-26,SSEBop,1.0
2024-10-26,eeMETRIC,5.2
2024-10-25,DisALEXI,34.7
2024-10-25,PT-JPL,0.4
2024-10-25,SIMS,0.2
2024-10-25,SSEBop,1.0
2024-10-25,eeMETRIC,5.0
2024-10-24,DisALEXI,35.9
2024-10-24,PT-JPL,0.4
2024-10-24,SIMS,0.2
2024-10-24,SSEBop,1.1
2024-10-24,eeMETRIC,5.1
2024-10-23,PT-JPL,0.4
2024-10-23,SIMS,0.2
2024-10-23,SSEBop,1.1
2024-10-23,eeMETRIC,5.3
2024-10-22,PT-JPL,0.4
2024-10-22,SIMS,0.2
2024-10-22,SSEBop,1.0
2024-10-22,eeMETRIC,5.0
2024-10-21,SSEBop,1.2
2024-10-21,eeMETRIC,4.8
2024-10-20,PT-JPL,0.4
2024-10-20,SIMS,0.2
2024-10-20,SSEBop,1.0
2024-10-20,eeMETRIC,4.9
2024-10-19,PT-JPL,0.4
2024-10-19,SIMS,0.2
2024-10-19,SSEBop,1.1
2024-10-19,eeMETRIC,4.9
2024-10-18,PT-JPL,0.4
2024-10-18,SIMS,0.2
2024-10-18,SSEBop,1.1
2024-10-18,eeMETRIC,5.1
2024-10-17,PT-JPL,0.4
2024-10-17,SIMS,0.2
2024-10-17,SSEBop,1.1
2024-10-17,eeMETRIC,5.0
2024-10-16,PT-JPL,0.4
2024-10-16,SIMS,0.2
2024-10-16,SSEBop,1.1
2024-10-16,eeMETRIC,5.2
2024-10-15,DisALEXI,41.300000000000004
2024-10-15,PT-JPL,0.4
2024-10-15,SIMS,0.2
2024-10-15,SSEBop,1.0
2024-10-15,eeMETRIC,5.1
2024-10-14,DisALEXI,31.4
2024-10-14,PT-JPL,0.4
2024-10-14,SIMS,0.2
2024-10-14,SSEBop,1.1
2024-10-14,eeMETRIC,5.1
2024-10-13,PT-JPL,0.4
2024-10-13,SIMS,0.2
2024-10-13,SSEBop,1.1
2024-10-13,eeMETRIC,5.1
2024-10-12,PT-JPL,0.4
2024-10-12,SIMS,0.2
2024-10-12,SSEBop,1.1
2024-10-12,eeMETRIC,4.8
2024-10-11,PT-JPL,0.4
2024-10-11,SIMS,0.2
2024-10-11,SSEBop,1.2
2024-10-11,eeMETRIC,5.1
2024-10-10,PT-JPL,0.4
2024-10-10,SIMS,0.2
2024-10-10,SSEBop,1.1
2024-10-10,eeMETRIC,4.8
2024-10-09,PT-JPL,0.4
2024-10-09,SIMS,0.2
2024-10-09,SSEBop,1.0
2024-10-09,eeMETRIC,5.2
2024-10-08,PT-JPL,0.4
2024-10-08,SIMS,0.2
2024-10-08,SSEBop,1.1
2024-10-08,eeMETRIC,4.7
2024-10-07,PT-JPL,0.4
2024-10-07,SIMS,0.2
2024-10-07,SSEBop,1.2
2024-10-07,eeMETRIC,5.0
2024-10-06,PT-JPL,0.4
2024-10-06,SIMS,0.2
2024-10-06,SSEBop,1.1
2024-10-06,eeMETRIC,4.8
2024-10-05,DisALEXI,45.2
2024-10-05,PT-JPL,0.4
2024-10-05,SIMS,0.2
2024-10-05,SSEBop,1.2
2024-10-05,eeMETRIC,5.2
2024-10-04,DisALEXI,42.0
2024-10-04,PT-JPL,0.4
2024-10-04,SIMS,0.2
2024-10-04,SSEBop,1.1
2024-10-04,eeMETRIC,5.0
2024-10-03,DisALEXI,31.4
2024-10-03,SIMS,0.1
2024-10-03,SSEBop,1.0
2024-10-02,PT-JPL,0.4
2024-10-02,SIMS,0.1
2024-10-02,SSEBop,1.0
2024-10-01,PT-JPL,0.4
2024-10-01,SIMS,0.2
2024-10-01,SSEBop,1.0
2024-10-01,eeMETRIC,5.0
2024-09-30,PT-JPL,0.3
2024-09-30,SIMS,0.2
2024-09-30,SSEBop,1.1
2024-09-30,eeMETRIC,5.0
2024-09-29,PT-JPL,0.4
2024-09-29,SIMS,0.2
2024-09-29,SSEBop,1.2
2024-09-29,eeMETRIC,5.3
2024-09-28,PT-JPL,0.4
2024-09-28,SIMS,0.2
2024-09-28,SSEBop,1.1
2024-09-28,eeMETRIC,4.9
2024-09-27,PT-JPL,0.4
2024-09-27,SIMS,0.1
2024-09-27,SSEBop,1.1
2024-09-27,eeMETRIC,5.0
2024-09-26,PT-JPL,0.4
2024-09-26,SIMS,0.2
2024-09-26,SSEBop,1.0
2024-09-26,eeMETRIC,5.0
2024-09-25,PT-JPL,0.4
2024-09-25,SIMS,0.2
2024-09-25,SSEBop,1.1
2024-09-25,eeMETRIC,5.3
2024-09-24,PT-JPL,0.4
2024-09-24,SIMS,0.2
2024-09-24,SSEBop,1.1
2024-09-24,eeMETRIC,4.8
2024-09-23,SIMS,0.2
2024-09-23,SSEBop,1.3
2024-09-23,eeMETRIC,4.9
2024-09-22,PT-JPL,0.4
2024-09-22,SIMS,0.2
2024-09-22,SSEBop,1.2
2024-09-22,eeMETRIC,5.0
2024-09-21,PT-JPL,0.4
2024-09-21,SIMS,0.2
2024-09-21,SSEBop,1.2
2024-09-21,eeMETRIC,5.3
2024-09-20,PT-JPL,0.4
2024-09-20,SIMS,0.2
2024-09-20,SSEBop,1.1
2024-09-20,eeMETRIC,4.9
2024-09-19,PT-JPL,0.5
2024-09-19,SIMS,0.2
2024-09-19,SSEBop,1.2
2024-09-19,eeMETRIC,5.2
2024-09-18,PT-JPL,0.4
2024-09-18,SIMS,0.2
2024-09-18,SSEBop,1.2
2024-09-18,eeMETRIC,4.8
2024-09-17,PT-JPL,0.4
2024-09-17,SIMS,0.2
2024-09-17,SSEBop,1.3
2024-09-17,eeMETRIC,5.1
2024-09-16,PT-JPL,0.4
2024-09-16,SIMS,0.2
2024-09-16,SSEBop,1.3
2024-09-16,eeMETRIC,5.1
2024-09-15,eeMETRIC,5.3
2024-09-14,PT-JPL,0.4
2024-09-14,SIMS,0.2
2024-09-14,SSEBop,1.2
2024-09-14,eeMETRIC,5.4
2024-09-13,PT-JPL,0.4
2024-09-13,SIMS,0.2
2024-09-13,SSEBop,1.1
2024-09-13,eeMETRIC,5.5
2024-09-12,PT-JPL,0.4
2024-09-12,SIMS,0.2
2024-09-12,SSEBop,1.2
2024-09-12,eeMETRIC,5.4
2024-09-11,PT-JPL,0.4
2024-09-11,SIMS,0.2
2024-09-11,SSEBop,1.1
2024-09-11,eeMETRIC,5.2
2024-09-10,PT-JPL,0.5
2024-09-10,SIMS,0.2
2024-09-10,SSEBop,1.2
2024-09-10,eeMETRIC,5.1
2024-09-09,PT-JPL,0.4
2024-09-09,SIMS,0.2
2024-09-09,SSEBop,1.2
2024-09-09,eeMETRIC,5.0
2024-09-08,PT-JPL,0.4
2024-09-08,SIMS,0.2
2024-09-08,SSEBop,1.1
2024-09-08,eeMETRIC,4.7
2024-09-07,PT-JPL,0.4
2024-09-07,SIMS,0.2
2024-09-07,SSEBop,1.3
2024-09-07,eeMETRIC,5.3
2024-09-06,PT-JPL,0.4
2024-09-06,SIMS,0.2
2024-09-06,SSEBop,1.2
2024-09-06,eeMETRIC,5.4
2024-09-05,PT-JPL,0.4
2024-09-05,SIMS,0.2
2024-09-05,SSEBop,1.2
2024-09-05,eeMETRIC,5.3
2024-09-04,PT-JPL,0.4
2024-09-04,SIMS,0.2
2024-09-04,SSEBop,1.1
2024-09-04,eeMETRIC,5.0
2024-09-03,PT-JPL,0.5
2024-09-03,SIMS,0.2
2024-09-03,SSEBop,1.0
2024-09-03,eeMETRIC,4.8
2024-09-02,PT-JPL,0.4
2024-09-02,SIMS,0.2
2024-09-02,SSEBop,1.2
2024-09-02,eeMETRIC,5.0
2024-09-01,PT-JPL,0.4
2024-09-01,SIMS,0.2
2024-09-01,SSEBop,1.1
2024-09-01,eeMETRIC,4.8
2024-08-31,PT-JPL,0.4
2024-08-31,SIMS,0.2
2024-08-31,SSEBop,1.2
2024-08-31,eeMETRIC,5.3
2024-08-30,PT-JPL,0.4
2024-08-30,SIMS,0.2
2024-08-30,SSEBop,1.1
2024-08-30,eeMETRIC,4.9
2024-08-29,PT-JPL,0.4
2024-08-29,SIMS,0.2
2024-08-29,SSEBop,1.0
2024-08-29,eeMETRIC,4.9
2024-08-28,SIMS,0.2
2024-08-28,SSEBop,1.1
2024-08-28,eeMETRIC,4.8
2024-08-27,PT-JPL,0.4
2024-08-27,SIMS,0.2
2024-08-27,SSEBop,1.1
2024-08-27,eeMETRIC,4.8
2024-08-26,PT-JPL,0.4
2024-08-26,SIMS,0.2
2024-08-26,SSEBop,1.0
2024-08-26,eeMETRIC,4.6
2024-08-25,PT-JPL,0.4
2024-08-25,SIMS,0.2
2024-08-25,SSEBop,1.1
2024-08-25,eeMETRIC,4.7
2024-08-24,PT-JPL,0.4
2024-08-24,SIMS,0.2
2024-08-24,SSEBop,1.1
2024-08-24,eeMETRIC,4.8
2024-08-23,PT-JPL,0.4
2024-08-23,SIMS,0.2
2024-08-23,SSEBop,1.0
2024-08-23,eeMETRIC,5.1
2024-08-22,PT-JPL,0.4
2024-08-22,SIMS,0.2
2024-08-22,SSEBop,1.1
2024-08-22,eeMETRIC,5.1
2024-08-21,SIMS,0.2
2024-08-21,SSEBop,1.3
2024-08-21,eeMETRIC,5.2
2024-08-20,SIMS,0.2
2024-08-20,SSEBop,1.2
2024-08-20,eeMETRIC,5.0
2024-08-19,SIMS,0.2
2024-08-19,SSEBop,1.2
2024-08-19,eeMETRIC,4.7
2024-08-18,SIMS,0.2
2024-08-18,SSEBop,1.2
2024-08-18,eeMETRIC,5.0
2024-08-17,SIMS,0.2
2024-08-17,SSEBop,1.3
2024-08-17,eeMETRIC,5.3
2024-08-16,SIMS,0.2
2024-08-16,eeMETRIC,5.6
2024-08-15,SIMS,0.2
2024-08-15,SSEBop,1.2
2024-08-14,SIMS,0.2
2024-08-14,SSEBop,1.3
2024-08-14,eeMETRIC,5.2
2024-08-13,DisALEXI,42.8
2024-08-13,SIMS,0.2
2024-08-13,SSEBop,1.3
2024-08-13,eeMETRIC,5.3
2024-08-12,DisALEXI,32.8
2024-08-12,SIMS,0.2
2024-08-12,SSEBop,1.2
2024-08-12,eeMETRIC,4.8
2024-08-11,SIMS,0.2
2024-08-11,SSEBop,1.1
2024-08-11,eeMETRIC,4.5
2024-08-10,PT-JPL,0.3
2024-08-10,SIMS,0.2
2024-08-10,SSEBop,1.3
2024-08-10,eeMETRIC,5.0
2024-08-09,PT-JPL,0.4
2024-08-09,SIMS,0.2
2024-08-09,SSEBop,1.3
2024-08-09,eeMETRIC,5.3
2024-08-08,SIMS,0.2
2024-08-08,SSEBop,1.2
2024-08-08,eeMETRIC,5.1
2024-08-07,PT-JPL,0.5
2024-08-07,SIMS,0.2
2024-08-07,SSEBop,1.1
2024-08-07,eeMETRIC,5.1
2024-08-06,PT-JPL,0.6
2024-08-06,SIMS,0.2
2024-08-06,SSEBop,1.2
2024-08-06,eeMETRIC,5.5
2024-08-05,PT-JPL,0.4
2024-08-05,SIMS,0.2
2024-08-05,SSEBop,1.0
2024-08-05,eeMETRIC,5.0
2024-08-04,PT-JPL,0.5
2024-08-04,SIMS,0.2
2024-08-04,SSEBop,1.3
2024-08-04,eeMETRIC,5.4
2024-08-03,PT-JPL,0.5
2024-08-03,SIMS,0.2
2024-08-03,eeMETRIC,5.7
2024-08-02,PT-JPL,0.6
2024-08-02,SIMS,0.2
2024-08-02,eeMETRIC,5.9
2024-08-01,PT-JPL,0.5
2024-08-01,SIMS,0.2
2024-08-01,SSEBop,1.2
2024-08-01,eeMETRIC,5.5
2024-07-31,PT-JPL,0.5
2024-07-31,SIMS,0.2
2024-07-31,SSEBop,1.3
2024-07-31,eeMETRIC,6.0
2024-07-30,PT-JPL,0.4
2024-07-30,SIMS,0.2
2024-07-30,SSEBop,1.2
2024-07-30,eeMETRIC,5.8
2024-07-29,PT-JPL,0.5
2024-07-29,SIMS,0.2
2024-07-29,SSEBop,1.2
2024-07-29,eeMETRIC,5.8
2024-07-28,PT-JPL,0.4
2024-07-28,SIMS,0.2
2024-07-28,SSEBop,1.2
2024-07-28,eeMETRIC,5.7
2024-07-27,PT-JPL,0.5
2024-07-27,SIMS,0.2
2024-07-27,SSEBop,1.5
2024-07-27,eeMETRIC,5.8
2024-07-26,PT-JPL,0.7
2024-07-26,SIMS,0.2
2024-07-26,SSEBop,1.4
2024-07-26,eeMETRIC,5.7
2024-07-25,PT-JPL,0.5
2024-07-25,SIMS,0.2
2024-07-25,SSEBop,1.4
2024-07-25,eeMETRIC,5.8
2024-07-24,PT-JPL,0.5
2024-07-24,SIMS,0.2
2024-07-24,SSEBop,1.5
2024-07-24,eeMETRIC,6.0
2024-07-23,PT-JPL,0.4
2024-07-23,SIMS,0.2
2024-07-23,SSEBop,1.2
2024-07-23,eeMETRIC,5.6
2024-07-22,SIMS,0.2
2024-07-22,SSEBop,1.2
2024-07-22,eeMETRIC,5.0
2024-07-21,SIMS,0.2
2024-07-21,SSEBop,1.1
2024-07-21,eeMETRIC,4.6
2024-07-20,PT-JPL,0.4
2024-07-20,SIMS,0.2
2024-07-20,SSEBop,1.1
2024-07-20,eeMETRIC,4.9
2024-07-19,PT-JPL,0.4
2024-07-19,SIMS,0.2
2024-07-19,SSEBop,1.2
2024-07-19,eeMETRIC,4.9
2024-07-18,PT-JPL,0.4
2024-07-18,SIMS,0.2
2024-07-18,SSEBop,1.0
2024-07-18,eeMETRIC,5.1
2024-07-17,PT-JPL,0.4
2024-07-17,SIMS,0.2
2024-07-17,SSEBop,1.2
2024-07-17,eeMETRIC,5.0
2024-07-16,PT-JPL,0.4
2024-07-16,SIMS,0.2
2024-07-16,SSEBop,1.1
2024-07-16,eeMETRIC,4.9
2024-07-15,PT-JPL,0.4
2024-07-15,SIMS,0.2
2024-07-15,SSEBop,1.0
2024-07-15,eeMETRIC,5.0
2024-07-14,PT-JPL,0.4
2024-07-14,SIMS,0.2
2024-07-14,SSEBop,1.1
2024-07-14,eeMETRIC,5.4
2024-07-13,PT-JPL,0.4
2024-07-13,SIMS,0.2
2024-07-13,SSEBop,1.1
2024-07-13,eeMETRIC,4.6
2024-07-12,PT-JPL,0.4
2024-07-12,SIMS,0.2
2024-07-12,SSEBop,1.0
2024-07-12,eeMETRIC,4.9
2024-07-11,PT-JPL,0.4
2024-07-11,SIMS,0.2
2024-07-11,SSEBop,1.1
2024-07-11,eeMETRIC,5.1
2024-07-10,PT-JPL,0.4
2024-07-10,SIMS,0.2
2024-07-10,SSEBop,1.0
2024-07-10,eeMETRIC,5.0
2024-07-09,PT-JPL,0.4
2024-07-09,SIMS,0.2
2024-07-09,SSEBop,1.0
2024-07-09,eeMETRIC,4.6
2024-07-08,PT-JPL,0.4
2024-07-08,SIMS,0.2
2024-07-08,SSEBop,1.2
2024-07-08,eeMETRIC,5.1
2024-07-07,PT-JPL,0.3
2024-07-07,SIMS,0.2
2024-07-07,SSEBop,1.0
2024-07-07,eeMETRIC,4.5
2024-07-06,PT-JPL,0.4
2024-07-06,SIMS,0.2
2024-07-06,SSEBop,1.0
2024-07-06,eeMETRIC,4.9
2024-07-05,PT-JPL,0.4
2024-07-05,SIMS,0.2
2024-07-05,SSEBop,1.0
2024-07-05,eeMETRIC,4.9
2024-07-04,PT-JPL,0.3
2024-07-04,SIMS,0.2
2024-07-04,SSEBop,1.2
2024-07-04,eeMETRIC,5.3
2024-07-03,PT-JPL,0.4
2024-07-03,SIMS,0.2
2024-07-03,SSEBop,1.1
2024-07-03,eeMETRIC,4.8
2024-07-02,PT-JPL,0.4
2024-07-02,SIMS,0.2
2024-07-02,SSEBop,1.1
2024-07-02,eeMETRIC,4.8
2024-07-01,PT-JPL,2.5
2024-07-01,SIMS,0.2
2024-07-01,SSEBop,1.1
2024-07-01,eeMETRIC,4.3
2024-06-30,PT-JPL,1.3
2024-06-30,SIMS,0.2
2024-06-30,SSEBop,1.1
2024-06-30,eeMETRIC,4.8
2024-06-29,PT-JPL,4.0
2024-06-29,SIMS,0.2
2024-06-29,SSEBop,1.1
2024-06-29,eeMETRIC,4.6
2024-06-28,PT-JPL,0.4
2024-06-28,SIMS,0.2
2024-06-28,SSEBop,1.1
2024-06-28,eeMETRIC,5.1
2024-06-27,PT-JPL,0.4
2024-06-27,SIMS,0.2
2024-06-27,SSEBop,1.1
2024-06-27,eeMETRIC,4.7
2024-06-26,PT-JPL,0.4
2024-06-26,SIMS,0.2
2024-06-26,SSEBop,1.2
2024-06-26,eeMETRIC,5.1
2024-06-25,PT-JPL,0.4
2024-06-25,SIMS,0.2
2024-06-25,SSEBop,1.0
2024-06-25,eeMETRIC,4.8
2024-06-24,PT-JPL,0.3
2024-06-24,SIMS,0.2
2024-06-24,SSEBop,1.2
2024-06-24,eeMETRIC,4.7
2024-06-23,PT-JPL,0.4
2024-06-23,SIMS,0.2
2024-06-23,SSEBop,1.2
2024-06-23,eeMETRIC,4.7
2024-06-22,PT-JPL,0.4
2024-06-22,SIMS,0.2
2024-06-22,SSEBop,1.2
2024-06-22,eeMETRIC,4.9
2024-06-21,PT-JPL,0.5
2024-06-21,SIMS,0.2
2024-06-21,SSEBop,1.2
2024-06-21,eeMETRIC,5.2
2024-06-20,PT-JPL,0.5
2024-06-20,SIMS,0.2
2024-06-20,SSEBop,1.2
2024-06-20,eeMETRIC,6.2
2024-06-19,PT-JPL,0.7
2024-06-19,SIMS,0.2
2024-06-19,SSEBop,1.5
2024-06-19,eeMETRIC,6.5
2024-06-18,PT-JPL,0.6
2024-06-18,SIMS,0.3
2024-06-18,SSEBop,1.5
2024-06-18,eeMETRIC,6.7
2024-06-17,PT-JPL,0.7
2024-06-17,SIMS,0.3
2024-06-17,SSEBop,1.5
2024-06-17,eeMETRIC,6.4
2024-06-16,PT-JPL,0.6
2024-06-16,SIMS,0.2
2024-06-16,SSEBop,1.5
2024-06-16,eeMETRIC,5.8
2024-06-15,PT-JPL,0.6
2024-06-15,SIMS,0.2
2024-06-15,SSEBop,1.3
2024-06-15,eeMETRIC,6.3
2024-06-14,PT-JPL,0.6
2024-06-14,SIMS,0.2
2024-06-14,SSEBop,1.6
2024-06-14,eeMETRIC,6.8
2024-06-13,PT-JPL,0.6
2024-06-13,SIMS,0.2
2024-06-13,SSEBop,1.3
2024-06-13,eeMETRIC,6.6
2024-06-12,PT-JPL,0.6
2024-06-12,SIMS,0.2
2024-06-12,SSEBop,1.3
2024-06-12,eeMETRIC,6.0
2024-06-11,SIMS,0.2
2024-06-11,SSEBop,1.6
2024-06-11,eeMETRIC,6.1
2024-06-10,PT-JPL,0.6
2024-06-10,SIMS,0.3
2024-06-10,SSEBop,1.5
2024-06-10,eeMETRIC,6.1
2024-06-09,PT-JPL,0.6
2024-06-09,SIMS,0.3
2024-06-09,SSEBop,1.4
2024-06-09,eeMETRIC,6.7
2024-06-08,PT-JPL,0.5
2024-06-08,SIMS,0.3
2024-06-08,SSEBop,1.7
2024-06-08,eeMETRIC,6.4
2024-06-07,PT-JPL,0.7
2024-06-07,SIMS,0.3
2024-06-07,SSEBop,1.6
2024-06-07,eeMETRIC,6.6
2024-06-06,PT-JPL,0.7
2024-06-06,SIMS,0.3
2024-06-06,SSEBop,1.7
2024-06-06,eeMETRIC,6.8
2024-06-05,PT-JPL,0.5
2024-06-05,SIMS,0.2
2024-06-05,SSEBop,1.7
2024-06-05,eeMETRIC,6.0
2024-06-04,PT-JPL,0.8
2024-06-04,SIMS,0.2
2024-06-04,SSEBop,1.6
2024-06-04,eeMETRIC,6.9
2024-06-03,PT-JPL,0.6
2024-06-03,SIMS,0.3
2024-06-03,SSEBop,1.6
2024-06-03,eeMETRIC,6.5
2024-06-02,PT-JPL,0.7
2024-06-02,SIMS,0.3
2024-06-02,SSEBop,1.6
2024-06-02,eeMETRIC,6.5
2024-06-01,PT-JPL,0.6
2024-06-01,SIMS,0.3
2024-06-01,SSEBop,1.7
2024-06-01,eeMETRIC,6.6
2024-05-31,PT-JPL,0.4
2024-05-31,SIMS,0.2
2024-05-31,SSEBop,1.7
2024-05-31,eeMETRIC,5.8
2024-05-30,PT-JPL,0.6
2024-05-30,SIMS,0.3
2024-05-30,SSEBop,1.7
2024-05-30,eeMETRIC,6.4
2024-05-29,PT-JPL,0.7
2024-05-29,SIMS,0.2
2024-05-29,SSEBop,1.2
2024-05-29,eeMETRIC,6.2
2024-05-28,PT-JPL,0.7
2024-05-28,SIMS,0.3
2024-05-28,SSEBop,1.5
2024-05-28,eeMETRIC,6.0
2024-05-27,PT-JPL,0.5
2024-05-27,SIMS,0.2
2024-05-27,SSEBop,1.2
2024-05-27,eeMETRIC,5.7
2024-05-26,PT-JPL,0.7
2024-05-26,SIMS,0.3
2024-05-26,SSEBop,1.3
2024-05-26,eeMETRIC,5.4
2024-05-25,PT-JPL,0.6
2024-05-25,SIMS,0.2
2024-05-25,SSEBop,1.6
2024-05-25,eeMETRIC,5.8
2024-05-24,PT-JPL,0.6
2024-05-24,SIMS,0.2
2024-05-24,SSEBop,1.5
2024-05-24,eeMETRIC,5.8
2024-05-23,PT-JPL,0.5
2024-05-23,SIMS,0.2
2024-05-23,SSEBop,1.3
2024-05-23,eeMETRIC,5.9
2024-05-22,PT-JPL,0.5
2024-05-22,SIMS,0.2
2024-05-22,SSEBop,1.4
2024-05-22,eeMETRIC,5.7
2024-05-21,PT-JPL,0.6
2024-05-21,SIMS,0.2
2024-05-21,SSEBop,1.2
2024-05-21,eeMETRIC,6.0
2024-05-20,SIMS,0.2
2024-05-20,eeMETRIC,6.2
2024-05-19,PT-JPL,0.5
2024-05-19,SIMS,0.2
2024-05-19,SSEBop,1.2
2024-05-19,eeMETRIC,5.8
2024-05-18,PT-JPL,0.6
2024-05-18,SIMS,0.2
2024-05-18,SSEBop,1.6
2024-05-18,eeMETRIC,6.3
2024-05-17,PT-JPL,0.6
2024-05-17,SIMS,0.3
2024-05-17,SSEBop,1.4
2024-05-17,eeMETRIC,5.8
2024-05-16,PT-JPL,0.7
2024-05-16,SSEBop,1.5
2024-05-16,eeMETRIC,7.0
2024-05-15,PT-JPL,0.7
2024-05-15,SIMS,0.3
2024-05-15,SSEBop,1.3
2024-05-15,eeMETRIC,6.1
2024-05-14,PT-JPL,0.7
2024-05-14,SIMS,0.3
2024-05-14,SSEBop,1.5
2024-05-14,eeMETRIC,6.1
2024-05-13,PT-JPL,0.6
2024-05-13,SIMS,0.3
2024-05-13,SSEBop,1.2
2024-05-13,eeMETRIC,6.1
2024-05-12,PT-JPL,0.6
2024-05-12,SSEBop,1.4
2024-05-12,eeMETRIC,6.4
2024-05-11,PT-JPL,0.5
2024-05-11,SIMS,0.2
2024-05-11,SSEBop,1.0
2024-05-11,eeMETRIC,5.5
2024-05-10,PT-JPL,0.6
2024-05-10,SIMS,0.3
2024-05-10,SSEBop,1.7
2024-05-10,eeMETRIC,7.2
2024-05-09,PT-JPL,0.7
2024-05-09,SIMS,0.2
2024-05-09,SSEBop,1.5
2024-05-09,eeMETRIC,6.8
2024-05-08,PT-JPL,0.7
2024-05-08,SIMS,0.3
2024-05-08,SSEBop,1.6
2024-05-08,eeMETRIC,6.5
2024-05-07,PT-JPL,0.7
2024-05-07,SIMS,0.3
2024-05-07,SSEBop,1.7
2024-05-07,eeMETRIC,7.0
2024-05-06,PT-JPL,0.6
2024-05-06,SIMS,0.2
2024-05-06,SSEBop,1.4
2024-05-06,eeMETRIC,6.7
2024-05-05,PT-JPL,0.7
2024-05-05,SIMS,0.2
2024-05-05,SSEBop,1.5
2024-05-05,eeMETRIC,6.6
2024-05-04,PT-JPL,0.6
2024-05-04,SIMS,0.3
2024-05-04,SSEBop,1.6
2024-05-04,eeMETRIC,6.5
2024-05-03,PT-JPL,0.7
2024-05-03,SIMS,0.2
2024-05-03,SSEBop,1.2
2024-05-03,eeMETRIC,6.2
2024-05-02,PT-JPL,0.7
2024-05-02,SIMS,0.3
2024-05-02,SSEBop,1.7
2024-05-02,eeMETRIC,7.0
2024-05-01,PT-JPL,0.6
2024-05-01,SIMS,0.2
2024-05-01,SSEBop,1.5
2024-05-01,eeMETRIC,6.6
2024-04-30,PT-JPL,0.6
2024-04-30,SSEBop,1.5
2024-04-30,eeMETRIC,6.6
2024-04-29,PT-JPL,0.6
2024-04-29,SIMS,0.2
2024-04-29,SSEBop,1.5
2024-04-29,eeMETRIC,6.6
2024-04-28,PT-JPL,0.7
2024-04-28,SIMS,0.2
2024-04-28,SSEBop,1.5
2024-04-28,eeMETRIC,6.5
2024-04-27,PT-JPL,0.6
2024-04-27,SIMS,0.2
2024-04-27,SSEBop,1.4
2024-04-27,eeMETRIC,6.6
2024-04-26,PT-JPL,0.6
2024-04-26,SIMS,0.2
2024-04-26,SSEBop,1.6
2024-04-26,eeMETRIC,6.5
2024-04-25,PT-JPL,0.6
2024-04-25,SIMS,0.2
2024-04-25,SSEBop,1.4
2024-04-25,eeMETRIC,6.1
2024-04-24,PT-JPL,0.8
2024-04-24,SSEBop,1.4
2024-04-24,eeMETRIC,6.2
2024-04-23,PT-JPL,0.6
2024-04-23,SSEBop,1.5
2024-04-23,eeMETRIC,6.2
2024-04-22,PT-JPL,0.8
2024-04-22,SIMS,0.2
2024-04-22,SSEBop,1.8
2024-04-22,eeMETRIC,6.6
2024-04-21,PT-JPL,0.6
2024-04-21,SIMS,0.2
2024-04-21,SSEBop,1.5
2024-04-21,eeMETRIC,6.3
2024-04-20,PT-JPL,0.6
2024-04-20,SIMS,0.2
2024-04-20,SSEBop,1.4
2024-04-20,eeMETRIC,6.4
2024-04-19,PT-JPL,0.7
2024-04-19,SIMS,0.2
2024-04-19,SSEBop,1.5
2024-04-19,eeMETRIC,6.6
2024-04-18,PT-JPL,0.9
2024-04-18,SIMS,0.3
2024-04-18,SSEBop,1.2
2024-04-18,eeMETRIC,6.4
2024-04-17,PT-JPL,0.7
2024-04-17,SIMS,0.2
2024-04-17,SSEBop,1.5
2024-04-17,eeMETRIC,6.7
2024-04-16,PT-JPL,0.7
2024-04-16,SIMS,0.2
2024-04-16,SSEBop,1.5
2024-04-16,eeMETRIC,6.6
2024-04-15,PT-JPL,0.5
2024-04-15,SIMS,0.2
2024-04-15,SSEBop,1.6
2024-04-15,eeMETRIC,5.9
2024-04-14,PT-JPL,0.6
2024-04-14,SIMS,0.2
2024-04-14,SSEBop,1.6
2024-04-14,eeMETRIC,6.0
2024-04-13,PT-JPL,0.5
2024-04-13,SIMS,0.2
2024-04-13,SSEBop,1.5
2024-04-13,eeMETRIC,6.4
2024-04-12,PT-JPL,0.6
2024-04-12,SIMS,0.3
2024-04-12,SSEBop,1.5
2024-04-12,eeMETRIC,6.4
2024-04-11,PT-JPL,0.6
2024-04-11,SIMS,0.2
2024-04-11,SSEBop,1.3
2024-04-11,eeMETRIC,6.5
2024-04-10,PT-JPL,0.6
2024-04-10,SIMS,0.3
2024-04-10,SSEBop,1.6
2024-04-10,eeMETRIC,6.4
2024-04-09,PT-JPL,0.5
2024-04-09,SIMS,0.2
2024-04-09,SSEBop,1.3
2024-04-09,eeMETRIC,6.1
2024-04-08,PT-JPL,0.5
2024-04-08,SIMS,0.3
2024-04-08,SSEBop,1.3
2024-04-08,eeMETRIC,6.3
2024-04-07,PT-JPL,0.6
2024-04-07,SIMS,0.2
2024-04-07,SSEBop,1.4
2024-04-07,eeMETRIC,6.1
2024-04-06,PT-JPL,0.5
2024-04-06,SSEBop,1.6
2024-04-06,eeMETRIC,6.5
2024-04-05,PT-JPL,0.6
2024-04-05,SIMS,0.2
2024-04-05,SSEBop,1.4
2024-04-05,eeMETRIC,6.5
2024-04-04,PT-JPL,0.7
2024-04-04,SIMS,0.2
2024-04-04,SSEBop,1.4
2024-04-04,eeMETRIC,6.5
2024-04-03,PT-JPL,0.6
2024-04-03,SIMS,0.2
2024-04-03,SSEBop,1.5
2024-04-03,eeMETRIC,6.7
2024-04-02,PT-JPL,0.7
2024-04-02,SIMS,0.2
2024-04-02,SSEBop,1.6
2024-04-02,eeMETRIC,7.1
2024-04-01,PT-JPL,0.6
2024-04-01,SSEBop,1.2
2024-04-01,eeMETRIC,5.9
2024-03-31,PT-JPL,0.5
2024-03-31,SIMS,0.2
2024-03-31,SSEBop,1.5
2024-03-31,eeMETRIC,6.2
2024-03-30,PT-JPL,0.4
2024-03-30,SIMS,0.2
2024-03-30,SSEBop,1.3
2024-03-30,eeMETRIC,6.3
2024-03-29,PT-JPL,0.5
2024-03-29,SSEBop,1.4
2024-03-29,eeMETRIC,6.2
2024-03-28,PT-JPL,0.6
2024-03-28,SIMS,0.2
2024-03-28,SSEBop,1.6
2024-03-28,eeMETRIC,6.4
2024-03-27,PT-JPL,0.6
2024-03-27,SIMS,0.2
2024-03-27,SSEBop,1.8
2024-03-27,eeMETRIC,6.3
2024-03-26,PT-JPL,0.7
2024-03-26,SSEBop,1.6
2024-03-26,eeMETRIC,6.1
2024-03-25,PT-JPL,0.6
2024-03-25,SIMS,0.2
2024-03-25,SSEBop,1.6
2024-03-25,eeMETRIC,6.300000000000001
2024-03-25,geeSEBAL,4.0
2024-03-24,PT-JPL,0.5
2024-03-24,SIMS,0.2
2024-03-24,SSEBop,1.7
2024-03-24,eeMETRIC,6.05
2024-03-23,PT-JPL,0.5
2024-03-23,SSEBop,1.7
2024-03-23,eeMETRIC,6.7
2024-03-23,geeSEBAL,4.1
2024-03-22,SIMS,0.2
2024-03-21,PT-JPL,0.6
2024-03-21,SIMS,0.2
2024-03-21,SSEBop,4.6
2024-03-21,eeMETRIC,6.25
2024-03-21,geeSEBAL,3.2
2024-03-20,SIMS,0.2
2024-03-20,eeMETRIC,5.55
2024-03-20,geeSEBAL,4.2
2024-03-19,PT-JPL,1.0
2024-03-19,SIMS,0.2
2024-03-19,SSEBop,4.0
2024-03-19,eeMETRIC,6.1
2024-03-19,geeSEBAL,2.9
2024-03-18,PT-JPL,0.5
2024-03-18,SIMS,0.2
2024-03-18,SSEBop,4.4
2024-03-18,eeMETRIC,6.1
2024-03-18,geeSEBAL,4.0
2024-03-17,eeMETRIC,5.8
2024-03-17,geeSEBAL,4.3
2024-03-16,eeMETRIC,5.8
2024-03-16,geeSEBAL,4.1
2024-03-15,PT-JPL,0.5
2024-03-15,SIMS,0.2
2024-03-15,SSEBop,1.2
2024-03-15,eeMETRIC,6.5
2024-03-15,geeSEBAL,4.4
2024-03-14,PT-JPL,0.5
2024-03-14,SIMS,0.1
2024-03-14,SSEBop,0.9
2024-03-14,eeMETRIC,6.2
2024-03-14,geeSEBAL,4.5
2024-03-13,eeMETRIC,5.8
2024-03-13,geeSEBAL,4.3
2024-03-11,eeMETRIC,6.300000000000001
2024-03-11,geeSEBAL,3.9
2024-03-10,eeMETRIC,6.2
2024-03-09,eeMETRIC,5.4
2024-03-09,geeSEBAL,4.2
2024-03-08,eeMETRIC,4.9
2024-03-08,geeSEBAL,2.2
2024-03-07,PT-JPL,0.3
2024-03-07,SIMS,0.1
2024-03-07,SSEBop,1.0
2024-03-07,eeMETRIC,6.1
2024-03-07,geeSEBAL,4.7
2024-03-06,PT-JPL,0.5
2024-03-06,SIMS,0.1
2024-03-06,SSEBop,1.1
2024-03-06,eeMETRIC,7.0
2024-03-06,geeSEBAL,5.0
2024-03-05,PT-JPL,0.5
2024-03-05,SSEBop,1.0
2024-03-05,eeMETRIC,6.35
2024-03-05,geeSEBAL,4.6
2024-03-04,PT-JPL,0.4
2024-03-04,SSEBop,1.0
2024-03-04,eeMETRIC,5.9
2024-03-04,geeSEBAL,4.2
2024-03-03,PT-JPL,0.5
2024-03-03,SIMS,0.2
2024-03-03,SSEBop,1.0
2024-03-03,eeMETRIC,6.449999999999999
2024-03-03,geeSEBAL,3.7
2024-03-02,PT-JPL,0.5
2024-03-02,SIMS,0.2
2024-03-02,SSEBop,1.1
2024-03-02,eeMETRIC,6.15
2024-03-02,geeSEBAL,4.4
2024-03-01,PT-JPL,0.5
2024-03-01,SIMS,0.2
2024-03-01,SSEBop,1.2
2024-03-01,eeMETRIC,5.949999999999999
2024-03-01,geeSEBAL,4.4
2024-02-29,PT-JPL,0.5
2024-02-29,SIMS,0.1
2024-02-29,SSEBop,1.2
2024-02-29,eeMETRIC,6.45
2024-02-29,geeSEBAL,4.4
2024-02-28,PT-JPL,0.6
2024-02-28,SIMS,0.2
2024-02-28,SSEBop,1.1
2024-02-27,PT-JPL,0.5
2024-02-27,SIMS,0.1
2024-02-27,SSEBop,1.1
2024-02-27,eeMETRIC,8.3
2024-02-27,geeSEBAL,4.1
2024-02-26,PT-JPL,0.4
2024-02-26,SSEBop,1.1
2024-02-26,eeMETRIC,5.800000000000001
2024-02-26,geeSEBAL,3.4
2024-02-25,PT-JPL,0.4
2024-02-25,SIMS,0.2
2024-02-25,SSEBop,1.0
2024-02-25,eeMETRIC,5.949999999999999
2024-02-25,geeSEBAL,4.1
2024-02-24,PT-JPL,0.4
2024-02-24,SIMS,0.1
2024-02-24,SSEBop,1.0
2024-02-24,eeMETRIC,6.199999999999999
2024-02-24,geeSEBAL,4.2
2024-02-23,PT-JPL,0.4
2024-02-23,SSEBop,0.9
2024-02-23,eeMETRIC,6.3
2024-02-23,geeSEBAL,4.1
2024-02-22,PT-JPL,0.4
2024-02-22,SIMS,0.1
2024-02-22,SSEBop,0.9
2024-02-22,eeMETRIC,6.1
2024-02-22,geeSEBAL,4.4
2024-02-21,PT-JPL,0.4
2024-02-21,SIMS,0.1
2024-02-21,SSEBop,0.9
2024-02-21,eeMETRIC,5.95
2024-02-21,geeSEBAL,4.1
2024-02-20,PT-JPL,0.5
2024-02-20,SIMS,0.1
2024-02-20,SSEBop,0.9
2024-02-20,eeMETRIC,6.050000000000001
2024-02-20,geeSEBAL,4.4
2024-02-19,PT-JPL,0.4
2024-02-19,SIMS,0.1
2024-02-19,SSEBop,1.2
2024-02-19,eeMETRIC,6.6
2024-02-19,geeSEBAL,4.6
2024-02-18,PT-JPL,0.4
2024-02-18,SIMS,0.1
2024-02-18,SSEBop,0.9
2024-02-18,eeMETRIC,6.1
2024-02-18,geeSEBAL,4.1
2024-02-17,PT-JPL,0.4
2024-02-17,SIMS,0.1
2024-02-17,SSEBop,1.1
2024-02-17,eeMETRIC,6.550000000000001
2024-02-17,geeSEBAL,4.7
2024-02-16,PT-JPL,0.4
2024-02-16,SIMS,0.2
2024-02-16,SSEBop,1.1
2024-02-16,eeMETRIC,6.3
2024-02-16,geeSEBAL,4.1
2024-02-15,PT-JPL,0.4
2024-02-15,SIMS,0.1
2024-02-15,SSEBop,1.0
2024-02-15,eeMETRIC,6.4
2024-02-15,geeSEBAL,4.2
2024-02-14,PT-JPL,0.5
2024-02-14,SIMS,0.1
2024-02-14,SSEBop,1.1
2024-02-14,eeMETRIC,6.05
2024-02-14,geeSEBAL,4.3
2024-02-13,PT-JPL,0.5
2024-02-13,SIMS,0.1
2024-02-13,SSEBop,0.9
2024-02-13,eeMETRIC,6.4
2024-02-13,geeSEBAL,4.7
2024-02-12,PT-JPL,0.4
2024-02-12,SSEBop,1.0
2024-02-12,eeMETRIC,6.4
2024-02-12,geeSEBAL,4.6
2024-02-11,PT-JPL,0.4
2024-02-11,SIMS,0.1
2024-02-11,SSEBop,1.1
2024-02-11,eeMETRIC,6.1
2024-02-11,geeSEBAL,4.5
2024-02-10,PT-JPL,0.4
2024-02-10,SIMS,0.1
2024-02-10,SSEBop,1.1
2024-02-10,eeMETRIC,6.0
2024-02-10,geeSEBAL,4.3
2024-02-09,PT-JPL,0.5
2024-02-09,SIMS,0.1
2024-02-09,SSEBop,1.0
2024-02-09,eeMETRIC,6.2
2024-02-09,geeSEBAL,4.5
2024-02-08,PT-JPL,0.5
2024-02-08,SSEBop,1.1
2024-02-08,eeMETRIC,6.2
2024-02-08,geeSEBAL,4.1
2024-02-07,PT-JPL,0.5
2024-02-07,SIMS,0.1
2024-02-07,SSEBop,1.2
2024-02-07,eeMETRIC,6.6
2024-02-07,geeSEBAL,4.3
2024-02-06,PT-JPL,0.5
2024-02-06,SSEBop,1.2
2024-02-06,eeMETRIC,6.9
2024-02-06,geeSEBAL,4.4
2024-02-05,PT-JPL,0.4
2024-02-05,SSEBop,1.1
2024-02-05,geeSEBAL,4.3
2024-02-04,PT-JPL,0.5
2024-02-04,SSEBop,1.2
2024-02-03,PT-JPL,0.4
2024-02-03,SIMS,0.1
2024-02-03,SSEBop,1.0
2024-02-02,PT-JPL,0.3
2024-02-02,SIMS,0.1
2024-02-01,PT-JPL,0.3
2024-02-01,SIMS,0.1
2024-02-01,SSEBop,1.1
2024-02-01,eeMETRIC,6.1
2024-02-01,geeSEBAL,4.3
2024-01-31,PT-JPL,0.4
2024-01-31,SIMS,0.1
2024-01-31,SSEBop,1.1
2024-01-31,eeMETRIC,6.6
2024-01-31,geeSEBAL,3.9
2024-01-30,PT-JPL,0.3
2024-01-30,SIMS,0.1
2024-01-30,SSEBop,0.8
2024-01-30,eeMETRIC,6.5
2024-01-30,geeSEBAL,3.9
2024-01-29,PT-JPL,0.4
2024-01-29,SIMS,0.1
2024-01-29,SSEBop,0.8
2024-01-29,eeMETRIC,7.1
2024-01-29,geeSEBAL,4.3
2024-01-28,PT-JPL,0.4
2024-01-28,SIMS,0.1
2024-01-28,SSEBop,1.1
2024-01-28,eeMETRIC,6.5
2024-01-28,geeSEBAL,4.4
2024-01-27,PT-JPL,0.4
2024-01-27,SIMS,0.1
2024-01-27,SSEBop,0.9
2024-01-27,eeMETRIC,6.2
2024-01-27,geeSEBAL,4.1
2024-01-26,PT-JPL,0.5
2024-01-26,SIMS,0.1
2024-01-26,SSEBop,1.0
2024-01-26,eeMETRIC,6.5
2024-01-26,geeSEBAL,4.5
2024-01-25,PT-JPL,0.5
2024-01-25,SIMS,0.1
2024-01-25,SSEBop,1.2
2024-01-25,eeMETRIC,6.7
2024-01-25,geeSEBAL,4.1
2024-01-24,PT-JPL,0.5
2024-01-24,SIMS,0.1
2024-01-24,SSEBop,1.1
2024-01-24,eeMETRIC,7.0
2024-01-24,geeSEBAL,4.2
2024-01-23,PT-JPL,0.5
2024-01-23,SIMS,0.1
2024-01-23,SSEBop,1.2
2024-01-23,eeMETRIC,6.7
2024-01-23,geeSEBAL,4.1
2024-01-22,PT-JPL,0.5
2024-01-22,SIMS,0.2
2024-01-22,SSEBop,1.2
2024-01-22,eeMETRIC,7.0
2024-01-22,geeSEBAL,4.7
2024-01-21,PT-JPL,0.6
2024-01-21,SIMS,0.1
2024-01-21,SSEBop,1.1
2024-01-21,eeMETRIC,7.2
2024-01-21,geeSEBAL,4.4
2024-01-20,PT-JPL,0.4
2024-01-20,SIMS,0.1
2024-01-20,SSEBop,1.2
2024-01-20,eeMETRIC,6.9
2024-01-20,geeSEBAL,4.0
2024-01-19,PT-JPL,0.4
2024-01-19,SIMS,0.1
2024-01-19,SSEBop,1.0
2024-01-19,eeMETRIC,6.4
2024-01-19,geeSEBAL,3.8
2024-01-18,PT-JPL,0.6
2024-01-18,SIMS,0.1
2024-01-18,SSEBop,1.3
2024-01-18,eeMETRIC,6.8
2024-01-18,geeSEBAL,4.5
2024-01-17,PT-JPL,0.5
2024-01-17,SIMS,0.2
2024-01-17,SSEBop,1.2
2024-01-17,eeMETRIC,7.2
2024-01-17,geeSEBAL,4.5
2024-01-16,PT-JPL,0.4
2024-01-16,SIMS,0.1
2024-01-16,SSEBop,1.2
2024-01-16,eeMETRIC,6.7
2024-01-16,geeSEBAL,4.6
2024-01-15,PT-JPL,0.5
2024-01-15,SIMS,0.1
2024-01-15,SSEBop,1.1
2024-01-15,eeMETRIC,7.0
2024-01-15,geeSEBAL,4.7
2024-01-14,PT-JPL,0.5
2024-01-14,SIMS,0.1
2024-01-14,SSEBop,1.1
2024-01-14,eeMETRIC,6.6
2024-01-14,geeSEBAL,4.2
2024-01-13,PT-JPL,0.4
2024-01-13,SSEBop,1.0
2024-01-13,eeMETRIC,6.3
2024-01-13,geeSEBAL,4.3
2024-01-12,PT-JPL,0.4
2024-01-12,SSEBop,0.8
2024-01-12,eeMETRIC,6.5
2024-01-12,geeSEBAL,4.2
2024-01-11,PT-JPL,0.4
2024-01-11,SIMS,0.1
2024-01-11,SSEBop,1.0
2024-01-11,eeMETRIC,6.5
2024-01-11,geeSEBAL,3.9
2024-01-10,PT-JPL,0.4
2024-01-10,SIMS,0.1
2024-01-10,SSEBop,1.1
2024-01-10,eeMETRIC,6.5
2024-01-10,geeSEBAL,4.3
2024-01-09,PT-JPL,0.4
2024-01-09,SIMS,0.1
2024-01-09,SSEBop,1.0
2024-01-09,eeMETRIC,6.6
2024-01-09,geeSEBAL,4.3
2024-01-08,PT-JPL,0.5
2024-01-08,SIMS,0.1
2024-01-08,SSEBop,1.3
2024-01-08,eeMETRIC,6.4
2024-01-08,geeSEBAL,4.5
2024-01-07,PT-JPL,0.4
2024-01-07,SIMS,0.1
2024-01-07,SSEBop,1.1
2024-01-07,eeMETRIC,6.6
2024-01-07,geeSEBAL,4.4
2024-01-06,PT-JPL,0.4
2024-01-06,SSEBop,1.2
2024-01-06,eeMETRIC,6.8
2024-01-06,geeSEBAL,4.7
2024-01-05,PT-JPL,0.5
2024-01-05,SIMS,0.1
2024-01-05,SSEBop,1.1
2024-01-05,eeMETRIC,6.8
2024-01-05,geeSEBAL,4.4
2024-01-04,PT-JPL,0.4
2024-01-04,SIMS,0.1
2024-01-04,SSEBop,1.1
2024-01-04,eeMETRIC,6.6
2024-01-04,geeSEBAL,4.4
2024-01-03,PT-JPL,0.4
2024-01-03,SSEBop,1.3
2024-01-03,eeMETRIC,7.1
2024-01-03,geeSEBAL,4.9
2024-01-02,PT-JPL,0.5
2024-01-02,SIMS,0.1
2024-01-02,SSEBop,1.1
2024-01-02,eeMETRIC,7.1
2024-01-02,geeSEBAL,4.6
2024-01-01,PT-JPL,0.4
2024-01-01,SIMS,0.1
2024-01-01,SSEBop,0.9
2024-01-01,eeMETRIC,6.7
2024-01-01,geeSEBAL,4.4
2023-12-31,PT-JPL,0.4
2023-12-31,SIMS,0.1
2023-12-31,SSEBop,1.0
2023-12-31,eeMETRIC,7.0
2023-12-31,geeSEBAL,4.5
2023-12-30,PT-JPL,0.5
2023-12-30,SIMS,0.1
2023-12-30,SSEBop,1.2
2023-12-30,eeMETRIC,6.5
2023-12-30,geeSEBAL,4.3
2023-12-29,PT-JPL,0.5
2023-12-29,SIMS,0.2
2023-12-29,SSEBop,1.2
2023-12-29,eeMETRIC,6.7
2023-12-29,geeSEBAL,4.4
2023-12-28,PT-JPL,0.5
2023-12-28,SIMS,0.2
2023-12-28,SSEBop,1.2
2023-12-28,eeMETRIC,6.9
2023-12-28,geeSEBAL,4.6
2023-12-27,PT-JPL,0.5
2023-12-27,SIMS,0.2
2023-12-27,SSEBop,1.1
2023-12-27,eeMETRIC,7.0
2023-12-27,geeSEBAL,4.4
2023-12-26,eeMETRIC,6.9
2023-12-26,geeSEBAL,4.9
2023-12-25,PT-JPL,0.5
2023-12-25,eeMETRIC,7.0
2023-12-25,geeSEBAL,4.8
2023-12-24,PT-JPL,0.6
2023-12-24,SSEBop,1.2
2023-12-24,eeMETRIC,7.1
2023-12-24,geeSEBAL,4.8
2023-12-23,PT-JPL,0.6
2023-12-23,SSEBop,1.1
2023-12-23,eeMETRIC,7.1
2023-12-23,geeSEBAL,4.6
2023-12-22,PT-JPL,0.5
2023-12-22,SSEBop,1.3
2023-12-22,eeMETRIC,5.8
2023-12-22,geeSEBAL,4.8
2023-12-21,PT-JPL,0.4
2023-12-21,SIMS,0.1
2023-12-21,SSEBop,1.2
2023-12-21,eeMETRIC,7.1
2023-12-21,geeSEBAL,5.1
2023-12-20,PT-JPL,0.4
2023-12-20,SIMS,0.1
2023-12-20,SSEBop,1.2
2023-12-20,eeMETRIC,6.6
2023-12-20,geeSEBAL,5.0
2023-12-19,PT-JPL,0.5
2023-12-19,SSEBop,1.2
2023-12-19,eeMETRIC,6.4
2023-12-19,geeSEBAL,4.8
2023-12-18,PT-JPL,0.5
2023-12-18,SSEBop,1.1
2023-12-18,eeMETRIC,6.5
2023-12-18,geeSEBAL,4.4
2023-12-17,PT-JPL,0.5
2023-12-17,SSEBop,1.1
2023-12-17,eeMETRIC,6.6
2023-12-17,geeSEBAL,4.5
2023-12-16,PT-JPL,0.4
2023-12-16,SIMS,0.1
2023-12-16,SSEBop,1.1
2023-12-16,eeMETRIC,6.6
2023-12-16,geeSEBAL,4.4
2023-12-15,PT-JPL,0.5
2023-12-15,SIMS,0.2
2023-12-15,SSEBop,1.0
2023-12-15,eeMETRIC,6.8
2023-12-15,geeSEBAL,4.9
2023-12-14,PT-JPL,0.5
2023-12-14,SIMS,0.1
2023-12-14,SSEBop,1.0
2023-12-14,eeMETRIC,6.9
2023-12-14,geeSEBAL,5.3
2023-12-13,PT-JPL,0.5
2023-12-13,SIMS,0.2
2023-12-13,SSEBop,1.3
2023-12-13,eeMETRIC,6.4
2023-12-13,geeSEBAL,5.2
2023-12-12,PT-JPL,0.5
2023-12-12,SIMS,0.1
2023-12-12,SSEBop,1.1
2023-12-12,eeMETRIC,6.6
2023-12-12,geeSEBAL,5.0
2023-12-11,PT-JPL,0.4
2023-12-11,SIMS,0.2
2023-12-11,SSEBop,1.2
2023-12-11,eeMETRIC,7.0
2023-12-11,geeSEBAL,4.9
2023-12-10,PT-JPL,0.5
2023-12-10,SIMS,0.1
2023-12-10,SSEBop,1.1
2023-12-10,eeMETRIC,6.8
2023-12-10,geeSEBAL,4.5
2023-12-09,PT-JPL,0.5
2023-12-09,SIMS,0.1
2023-12-09,SSEBop,1.1
2023-12-09,eeMETRIC,6.8
2023-12-09,geeSEBAL,4.2
2023-12-08,PT-JPL,0.4
2023-12-08,SSEBop,1.2
2023-12-08,eeMETRIC,6.6
2023-12-08,geeSEBAL,4.5
2023-12-07,PT-JPL,0.4
2023-12-07,SIMS,0.2
2023-12-07,SSEBop,1.0
2023-12-07,eeMETRIC,6.3
2023-12-07,geeSEBAL,4.2
2023-12-06,PT-JPL,0.4
2023-12-06,SIMS,0.1
2023-12-06,SSEBop,1.2
2023-12-06,eeMETRIC,6.7
2023-12-06,geeSEBAL,4.6
2023-12-05,PT-JPL,0.5
2023-12-05,SIMS,0.1
2023-12-05,SSEBop,1.0
2023-12-05,eeMETRIC,6.2
2023-12-05,geeSEBAL,4.4
2023-12-04,PT-JPL,0.5
2023-12-04,SIMS,0.1
2023-12-04,SSEBop,1.1
2023-12-04,eeMETRIC,6.6
2023-12-04,geeSEBAL,4.6
2023-12-03,PT-JPL,0.4
2023-12-03,SIMS,0.2
2023-12-03,SSEBop,1.1
2023-12-03,eeMETRIC,6.8
2023-12-03,geeSEBAL,4.8
2023-12-02,PT-JPL,0.5
2023-12-02,SIMS,0.1
2023-12-02,SSEBop,1.0
2023-12-02,eeMETRIC,6.7
2023-12-02,geeSEBAL,4.0
2023-12-01,PT-JPL,0.5
2023-12-01,SIMS,0.1
2023-12-01,SSEBop,1.0
2023-12-01,eeMETRIC,6.8
2023-12-01,geeSEBAL,4.6
2023-11-30,PT-JPL,0.5
2023-11-30,SIMS,0.1
2023-11-30,SSEBop,1.0
2023-11-30,eeMETRIC,6.6
2023-11-30,geeSEBAL,4.6
2023-11-29,PT-JPL,0.5
2023-11-29,SIMS,0.1
2023-11-29,SSEBop,1.1
2023-11-29,eeMETRIC,6.4
2023-11-29,geeSEBAL,4.8
2023-11-28,PT-JPL,0.5
2023-11-28,eeMETRIC,6.6
2023-11-28,geeSEBAL,5.0
2023-11-27,PT-JPL,0.5
2023-11-27,SSEBop,1.2
2023-11-27,eeMETRIC,6.8
2023-11-27,geeSEBAL,4.8
2023-11-26,PT-JPL,0.5
2023-11-26,SSEBop,1.0
2023-11-26,eeMETRIC,6.3
2023-11-26,geeSEBAL,4.6
2023-11-25,PT-JPL,0.5
2023-11-25,SSEBop,1.1
2023-11-25,eeMETRIC,6.7
2023-11-25,geeSEBAL,4.5
2023-11-24,PT-JPL,0.5
2023-11-24,SIMS,0.2
2023-11-24,SSEBop,1.1
2023-11-24,eeMETRIC,6.9
2023-11-24,geeSEBAL,4.8
2023-11-23,PT-JPL,0.4
2023-11-23,SIMS,0.1
2023-11-23,SSEBop,1.1
2023-11-23,eeMETRIC,6.3
2023-11-23,geeSEBAL,4.5
2023-11-22,PT-JPL,0.4
2023-11-22,SIMS,0.1
2023-11-22,SSEBop,0.9
2023-11-22,eeMETRIC,5.9
2023-11-22,geeSEBAL,4.5
2023-11-21,PT-JPL,0.5
2023-11-21,SIMS,0.1
2023-11-21,SSEBop,1.1
2023-11-21,eeMETRIC,6.2
2023-11-21,geeSEBAL,5.0
2023-11-20,PT-JPL,0.4
2023-11-20,SIMS,0.2
2023-11-20,SSEBop,1.1
2023-11-20,eeMETRIC,6.0
2023-11-20,geeSEBAL,4.7
2023-11-19,PT-JPL,0.5
2023-11-19,SIMS,0.1
2023-11-19,SSEBop,1.1
2023-11-19,eeMETRIC,6.8
2023-11-19,geeSEBAL,4.7
2023-11-18,PT-JPL,0.4
2023-11-18,SIMS,0.1
2023-11-18,SSEBop,0.9
2023-11-18,eeMETRIC,6.0
2023-11-18,geeSEBAL,4.7
2023-11-17,PT-JPL,0.5
2023-11-17,SSEBop,1.2
2023-11-17,eeMETRIC,6.8
2023-11-17,geeSEBAL,4.6
2023-11-16,PT-JPL,0.5
2023-11-16,SIMS,0.1
2023-11-16,SSEBop,1.1
2023-11-16,eeMETRIC,6.8
2023-11-16,geeSEBAL,5.0
2023-11-15,SSEBop,1.1
2023-11-15,eeMETRIC,6.2
2023-11-15,geeSEBAL,4.8
2023-11-14,PT-JPL,0.4
2023-11-14,SIMS,0.1
2023-11-14,eeMETRIC,5.9
2023-11-14,geeSEBAL,4.4
2023-11-13,PT-JPL,0.5
2023-11-13,SIMS,0.1
2023-11-13,SSEBop,1.0
2023-11-13,eeMETRIC,6.0
2023-11-13,geeSEBAL,4.6
2023-11-12,PT-JPL,0.4
2023-11-12,SSEBop,0.9
2023-11-12,eeMETRIC,5.9
2023-11-12,geeSEBAL,4.2
2023-11-11,PT-JPL,0.5
2023-11-11,SIMS,0.1
2023-11-11,SSEBop,1.0
2023-11-11,eeMETRIC,6.3
2023-11-11,geeSEBAL,4.5
2023-11-10,PT-JPL,0.4
2023-11-10,SIMS,0.1
2023-11-10,SSEBop,0.9
2023-11-10,eeMETRIC,5.7
2023-11-10,geeSEBAL,4.7
2023-11-09,PT-JPL,0.5
2023-11-09,SSEBop,0.9
2023-11-09,eeMETRIC,5.8
2023-11-09,geeSEBAL,4.6
2023-11-08,PT-JPL,0.5
2023-11-08,SIMS,0.1
2023-11-08,SSEBop,1.1
2023-11-08,eeMETRIC,6.4
2023-11-08,geeSEBAL,4.8
2023-11-07,PT-JPL,0.4
2023-11-07,SIMS,0.1
2023-11-07,SSEBop,1.0
2023-11-07,eeMETRIC,5.8
2023-11-07,geeSEBAL,4.6
2023-11-06,PT-JPL,0.4
2023-11-06,SIMS,0.1
2023-11-06,SSEBop,1.0
2023-11-06,eeMETRIC,5.8
2023-11-06,geeSEBAL,4.7
2023-11-05,PT-JPL,0.4
2023-11-05,SIMS,0.1
2023-11-05,SSEBop,0.9
2023-11-05,eeMETRIC,5.9
2023-11-05,geeSEBAL,4.5
2023-11-04,PT-JPL,0.4
2023-11-04,SIMS,0.1
2023-11-04,SSEBop,1.1
2023-11-04,eeMETRIC,6.0
2023-11-04,geeSEBAL,4.9
2023-11-03,PT-JPL,0.4
2023-11-03,SIMS,0.1
2023-11-03,SSEBop,0.9
2023-11-03,eeMETRIC,6.0
2023-11-03,geeSEBAL,4.7
2023-11-02,PT-JPL,0.4
2023-11-02,SIMS,0.1
2023-11-02,SSEBop,1.0
2023-11-02,eeMETRIC,6.2
2023-11-02,geeSEBAL,4.8
2023-11-01,PT-JPL,0.4
2023-11-01,SIMS,0.1
2023-11-01,SSEBop,1.0
2023-11-01,eeMETRIC,5.9
2023-11-01,geeSEBAL,4.7
2023-10-31,PT-JPL,0.4
2023-10-31,SIMS,0.1
2023-10-31,SSEBop,0.9
2023-10-31,eeMETRIC,5.9
2023-10-31,geeSEBAL,4.2
2023-10-30,PT-JPL,0.5
2023-10-30,SIMS,0.1
2023-10-30,eeMETRIC,5.8
2023-10-29,PT-JPL,0.4
2023-10-29,SIMS,0.1
2023-10-29,SSEBop,1.1
2023-10-29,eeMETRIC,6.2
2023-10-29,geeSEBAL,4.8
2023-10-28,PT-JPL,0.4
2023-10-28,SIMS,0.1
2023-10-28,SSEBop,1.0
2023-10-28,eeMETRIC,5.9
2023-10-28,geeSEBAL,4.5
2023-10-27,PT-JPL,0.5
2023-10-27,SIMS,0.1
2023-10-27,SSEBop,1.3
2023-10-27,eeMETRIC,6.3
2023-10-27,geeSEBAL,4.6
2023-10-26,PT-JPL,0.5
2023-10-26,SSEBop,1.1
2023-10-26,eeMETRIC,6.2
2023-10-26,geeSEBAL,4.8
2023-10-25,PT-JPL,0.4
2023-10-25,SIMS,0.2
2023-10-25,SSEBop,1.0
2023-10-25,eeMETRIC,6.7
2023-10-25,geeSEBAL,4.8
2023-10-24,PT-JPL,0.6
2023-10-24,SSEBop,1.2
2023-10-24,eeMETRIC,6.8
2023-10-24,geeSEBAL,4.6
2023-10-23,PT-JPL,0.6
2023-10-23,SSEBop,1.2
2023-10-23,eeMETRIC,6.6
2023-10-23,geeSEBAL,4.9
2023-10-22,PT-JPL,0.4
2023-10-22,SIMS,0.1
2023-10-22,SSEBop,1.1
2023-10-22,eeMETRIC,6.1
2023-10-22,geeSEBAL,4.6
2023-10-21,PT-JPL,0.5
2023-10-21,SIMS,0.1
2023-10-21,SSEBop,1.0
2023-10-21,eeMETRIC,6.2
2023-10-21,geeSEBAL,4.6
2023-10-20,PT-JPL,0.5
2023-10-20,SIMS,0.1
2023-10-20,SSEBop,1.0
2023-10-20,eeMETRIC,6.3
2023-10-20,geeSEBAL,5.0
2023-10-19,PT-JPL,0.5
2023-10-19,SIMS,0.1
2023-10-19,SSEBop,1.0
2023-10-19,eeMETRIC,5.9
2023-10-19,geeSEBAL,4.8
2023-10-18,PT-JPL,0.5
2023-10-18,SIMS,0.1
2023-10-18,SSEBop,1.3
2023-10-18,eeMETRIC,6.0
2023-10-18,geeSEBAL,4.6
2023-10-17,PT-JPL,0.5
2023-10-17,SIMS,0.1
2023-10-17,SSEBop,1.2
2023-10-17,eeMETRIC,6.1
2023-10-17,geeSEBAL,4.8
2023-10-16,PT-JPL,0.5
2023-10-16,SIMS,0.1
2023-10-16,SSEBop,1.1
2023-10-16,eeMETRIC,6.5
2023-10-16,geeSEBAL,4.7
2023-10-15,PT-JPL,0.5
2023-10-15,SIMS,0.1
2023-10-15,SSEBop,1.1
2023-10-15,eeMETRIC,6.0
2023-10-15,geeSEBAL,4.9
2023-10-14,PT-JPL,0.5
2023-10-14,SIMS,0.1
2023-10-14,SSEBop,1.0
2023-10-14,eeMETRIC,6.1
2023-10-14,geeSEBAL,4.8
2023-10-13,PT-JPL,0.5
2023-10-13,SIMS,0.1
2023-10-13,SSEBop,1.1
2023-10-13,eeMETRIC,6.0
2023-10-13,geeSEBAL,4.9
2023-10-12,PT-JPL,0.4
2023-10-12,SIMS,0.1
2023-10-12,SSEBop,1.1
2023-10-12,eeMETRIC,6.1
2023-10-12,geeSEBAL,4.5
2023-10-11,PT-JPL,0.4
2023-10-11,SIMS,0.1
2023-10-11,SSEBop,1.0
2023-10-11,eeMETRIC,6.0
2023-10-11,geeSEBAL,4.5
2023-10-10,PT-JPL,0.5
2023-10-10,SIMS,0.1
2023-10-10,SSEBop,1.0
2023-10-10,eeMETRIC,6.2
2023-10-10,geeSEBAL,4.9
2023-10-09,PT-JPL,0.4
2023-10-09,SIMS,0.1
2023-10-09,SSEBop,1.0
2023-10-09,eeMETRIC,6.4
2023-10-09,geeSEBAL,5.1
2023-10-08,PT-JPL,0.5
2023-10-08,SIMS,0.1
2023-10-08,SSEBop,1.0
2023-10-08,eeMETRIC,6.5
2023-10-08,geeSEBAL,5.0
2023-10-07,PT-JPL,0.5
2023-10-07,SIMS,0.1
2023-10-07,SSEBop,1.2
2023-10-07,eeMETRIC,6.2
2023-10-07,geeSEBAL,4.8
2023-10-06,PT-JPL,0.5
2023-10-06,SIMS,0.2
2023-10-06,SSEBop,1.1
2023-10-06,eeMETRIC,6.4
2023-10-06,geeSEBAL,4.6
2023-10-05,PT-JPL,0.5
2023-10-05,SIMS,0.1
2023-10-05,SSEBop,1.1
2023-10-05,eeMETRIC,6.1
2023-10-05,geeSEBAL,4.9
2023-10-04,PT-JPL,0.5
2023-10-04,SIMS,0.1
2023-10-04,SSEBop,1.1
2023-10-04,eeMETRIC,6.3
2023-10-04,geeSEBAL,4.9
2023-10-03,PT-JPL,0.4
2023-10-03,SIMS,0.1
2023-10-03,SSEBop,1.1
2023-10-03,eeMETRIC,5.7
2023-10-03,geeSEBAL,4.5
2023-10-02,PT-JPL,0.4
2023-10-02,SIMS,0.1
2023-10-02,SSEBop,1.0
2023-10-02,eeMETRIC,6.1
2023-10-02,geeSEBAL,4.7
2023-10-01,PT-JPL,0.5
2023-10-01,SIMS,0.1
2023-10-01,SSEBop,1.2
2023-10-01,eeMETRIC,5.9
2023-10-01,geeSEBAL,5.3
2023-09-30,PT-JPL,0.4
2023-09-30,SIMS,0.1
2023-09-30,SSEBop,1.1
2023-09-30,eeMETRIC,5.9
2023-09-30,geeSEBAL,4.8
2023-09-29,PT-JPL,0.4
2023-09-29,SIMS,0.1
2023-09-29,SSEBop,0.9
2023-09-29,eeMETRIC,6.1
2023-09-29,geeSEBAL,4.8
2023-09-28,PT-JPL,0.4
2023-09-28,SIMS,0.1
2023-09-28,SSEBop,1.1
2023-09-28,eeMETRIC,6.3
2023-09-28,geeSEBAL,4.8
2023-09-27,PT-JPL,0.4
2023-09-27,SIMS,0.1
2023-09-27,SSEBop,1.0
2023-09-27,eeMETRIC,5.9
2023-09-27,geeSEBAL,4.8
2023-09-26,PT-JPL,0.5
2023-09-26,SIMS,0.1
2023-09-26,SSEBop,1.0
2023-09-26,eeMETRIC,6.3
2023-09-26,geeSEBAL,5.1
2023-09-25,PT-JPL,0.5
2023-09-25,SIMS,0.1
2023-09-25,SSEBop,1.1
2023-09-25,eeMETRIC,6.1
2023-09-25,geeSEBAL,5.1
2023-09-24,PT-JPL,0.5
2023-09-24,SIMS,0.1
2023-09-24,SSEBop,1.1
2023-09-24,eeMETRIC,6.6
2023-09-24,geeSEBAL,5.0
2023-09-23,PT-JPL,0.4
2023-09-23,eeMETRIC,6.0
2023-09-23,geeSEBAL,5.0
2023-09-22,PT-JPL,0.5
2023-09-22,SIMS,0.1
2023-09-22,SSEBop,1.0
2023-09-22,eeMETRIC,6.0
2023-09-22,geeSEBAL,4.9
2023-09-21,PT-JPL,0.5
2023-09-21,SIMS,0.1
2023-09-21,SSEBop,0.9
2023-09-21,eeMETRIC,6.0
2023-09-21,geeSEBAL,4.8
2023-09-20,PT-JPL,0.4
2023-09-20,SIMS,0.1
2023-09-20,SSEBop,1.1
2023-09-20,eeMETRIC,6.2
2023-09-20,geeSEBAL,4.9
2023-09-19,PT-JPL,0.5
2023-09-19,SIMS,0.1
2023-09-19,SSEBop,1.1
2023-09-19,eeMETRIC,6.1
2023-09-19,geeSEBAL,4.9
2023-09-18,PT-JPL,0.5
2023-09-18,SIMS,0.1
2023-09-18,SSEBop,1.0
2023-09-18,eeMETRIC,6.0
2023-09-18,geeSEBAL,4.7
2023-09-17,PT-JPL,0.4
2023-09-17,SIMS,0.1
2023-09-17,eeMETRIC,6.1
2023-09-16,PT-JPL,0.5
2023-09-16,SIMS,0.1
2023-09-16,SSEBop,1.0
2023-09-16,eeMETRIC,5.9
2023-09-16,geeSEBAL,4.4
2023-09-15,PT-JPL,0.5
2023-09-15,eeMETRIC,5.9
2023-09-15,geeSEBAL,4.9
2023-09-14,PT-JPL,0.5
2023-09-14,SIMS,0.1
2023-09-14,SSEBop,1.0
2023-09-14,eeMETRIC,6.3
2023-09-14,geeSEBAL,5.0
2023-09-13,PT-JPL,0.4
2023-09-13,SIMS,0.1
2023-09-13,SSEBop,1.0
2023-09-13,eeMETRIC,5.9
2023-09-13,geeSEBAL,4.9
2023-09-12,PT-JPL,0.5
2023-09-12,SIMS,0.1
2023-09-12,eeMETRIC,5.8
2023-09-12,geeSEBAL,4.8
2023-09-11,PT-JPL,0.5
2023-09-11,SIMS,0.1
2023-09-11,SSEBop,1.1
2023-09-11,eeMETRIC,7.0
2023-09-11,geeSEBAL,5.0
2023-09-10,PT-JPL,0.5
2023-09-10,SSEBop,1.1
2023-09-10,eeMETRIC,6.3
2023-09-10,geeSEBAL,5.0
2023-09-09,PT-JPL,0.5
2023-09-09,SIMS,0.1
2023-09-09,eeMETRIC,6.6
2023-09-08,PT-JPL,0.4
2023-09-08,SIMS,0.1
2023-09-08,SSEBop,1.1
2023-09-08,eeMETRIC,6.3
2023-09-08,geeSEBAL,4.7
2023-09-07,PT-JPL,0.5
2023-09-07,SIMS,0.1
2023-09-07,SSEBop,1.1
2023-09-07,eeMETRIC,6.1
2023-09-07,geeSEBAL,5.0
2023-09-06,PT-JPL,0.5
2023-09-06,SIMS,0.1
2023-09-06,SSEBop,1.0
2023-09-06,eeMETRIC,6.3
2023-09-06,geeSEBAL,5.1
2023-09-05,PT-JPL,0.6
2023-09-05,SIMS,0.1
2023-09-05,SSEBop,1.2
2023-09-05,eeMETRIC,6.3
2023-09-04,PT-JPL,0.5
2023-09-04,SIMS,0.1
2023-09-04,SSEBop,1.0
2023-09-04,eeMETRIC,6.5
2023-09-03,PT-JPL,0.5
2023-09-03,SIMS,0.1
2023-09-03,SSEBop,1.0
2023-09-03,eeMETRIC,6.4
2023-09-03,geeSEBAL,5.0
2023-09-02,PT-JPL,0.4
2023-09-02,SIMS,0.1
2023-09-02,SSEBop,1.0
2023-09-02,eeMETRIC,5.9
2023-09-02,geeSEBAL,4.6
2023-09-01,PT-JPL,0.5
2023-09-01,SIMS,0.1
2023-09-01,SSEBop,1.0
2023-09-01,eeMETRIC,6.4
2023-09-01,geeSEBAL,5.0
2023-08-31,PT-JPL,0.5
2023-08-31,SIMS,0.1
2023-08-31,SSEBop,1.1
2023-08-31,eeMETRIC,6.3
2023-08-31,geeSEBAL,4.7
2023-08-30,PT-JPL,0.4
2023-08-30,SIMS,0.1
2023-08-30,eeMETRIC,6.0
2023-08-30,geeSEBAL,4.4
2023-08-29,PT-JPL,0.4
2023-08-29,SIMS,0.1
2023-08-29,SSEBop,1.0
2023-08-29,eeMETRIC,5.6
2023-08-29,geeSEBAL,4.7
2023-08-28,PT-JPL,0.5
2023-08-28,SIMS,0.1
2023-08-28,SSEBop,1.1
2023-08-28,eeMETRIC,6.0
2023-08-28,geeSEBAL,4.5
2023-08-27,PT-JPL,0.4
2023-08-27,SIMS,0.1
2023-08-27,SSEBop,0.9
2023-08-27,eeMETRIC,5.7
2023-08-27,geeSEBAL,4.6
2023-08-26,PT-JPL,0.4
2023-08-26,SIMS,0.1
2023-08-26,SSEBop,0.9
2023-08-26,eeMETRIC,5.8
2023-08-26,geeSEBAL,4.6
2023-08-25,PT-JPL,0.4
2023-08-25,SIMS,0.1
2023-08-25,SSEBop,0.9
2023-08-25,eeMETRIC,6.0
2023-08-25,geeSEBAL,4.4
2023-08-24,SSEBop,1.0
2023-08-24,eeMETRIC,5.3
2023-08-24,geeSEBAL,4.5
2023-08-23,PT-JPL,0.4
2023-08-23,eeMETRIC,6.1
2023-08-23,geeSEBAL,4.7
2023-08-22,PT-JPL,0.4
2023-08-22,SIMS,0.1
2023-08-22,eeMETRIC,5.8
2023-08-22,geeSEBAL,4.6
2023-08-21,PT-JPL,0.4
2023-08-21,SIMS,0.1
2023-08-21,SSEBop,1.0
2023-08-21,eeMETRIC,5.7
2023-08-21,geeSEBAL,4.7
2023-08-20,PT-JPL,0.3
2023-08-20,SIMS,0.1
2023-08-20,SSEBop,0.9
2023-08-20,eeMETRIC,5.9
2023-08-20,geeSEBAL,4.4
2023-08-19,PT-JPL,0.4
2023-08-19,SIMS,0.1
2023-08-19,eeMETRIC,5.8
2023-08-19,geeSEBAL,4.4
2023-08-18,PT-JPL,0.4
2023-08-18,SIMS,0.1
2023-08-18,SSEBop,0.9
2023-08-18,eeMETRIC,5.7
2023-08-18,geeSEBAL,4.5
2023-08-17,PT-JPL,0.4
2023-08-17,SSEBop,1.0
2023-08-17,eeMETRIC,5.7
2023-08-17,geeSEBAL,4.5
2023-08-16,PT-JPL,0.4
2023-08-16,SIMS,0.1
2023-08-16,SSEBop,1.0
2023-08-16,eeMETRIC,5.5
2023-08-16,geeSEBAL,4.2
2023-08-15,PT-JPL,0.4
2023-08-15,SIMS,0.1
2023-08-15,SSEBop,0.9
2023-08-15,eeMETRIC,5.7
2023-08-15,geeSEBAL,4.5
2023-08-14,PT-JPL,0.4
2023-08-14,SIMS,0.1
2023-08-14,SSEBop,1.0
2023-08-14,eeMETRIC,5.8
2023-08-14,geeSEBAL,4.7
2023-08-13,PT-JPL,0.4
2023-08-13,SIMS,0.1
2023-08-13,SSEBop,0.9
2023-08-13,eeMETRIC,5.6
2023-08-13,geeSEBAL,4.4
2023-08-12,PT-JPL,0.4
2023-08-12,SIMS,0.1
2023-08-12,SSEBop,1.0
2023-08-12,eeMETRIC,5.9
2023-08-12,geeSEBAL,4.5
2023-08-11,PT-JPL,0.4
2023-08-11,SIMS,0.1
2023-08-11,SSEBop,1.0
2023-08-11,eeMETRIC,6.1
2023-08-11,geeSEBAL,4.7
2023-08-10,PT-JPL,0.4
2023-08-10,SIMS,0.1
2023-08-10,SSEBop,1.0
2023-08-10,eeMETRIC,5.6
2023-08-10,geeSEBAL,4.7
2023-08-09,PT-JPL,0.5
2023-08-09,SSEBop,1.0
2023-08-09,eeMETRIC,5.8
2023-08-09,geeSEBAL,4.7
2023-08-08,PT-JPL,0.4
2023-08-08,SIMS,0.1
2023-08-08,SSEBop,1.0
2023-08-08,eeMETRIC,5.9
2023-08-08,geeSEBAL,4.7
2023-08-07,PT-JPL,0.4
2023-08-07,SIMS,0.1
2023-08-07,SSEBop,1.0
2023-08-07,eeMETRIC,5.8
2023-08-07,geeSEBAL,4.8
2023-08-06,PT-JPL,0.1
2023-08-06,SSEBop,0.1
2023-08-06,eeMETRIC,0.6
2023-08-06,geeSEBAL,0.6
